plant,DATE_TIME,actual_kwh,AMBIENT_TEMPERATURE,MODULE_TEMPERATURE,IRRADIATION,hour_of_day,day_of_year,irradiance_ratio
plant_1,2020-05-15 00:00:00,0.0,25.012696950000002,22.643083233333332,0.0,0,136,0.0
plant_1,2020-05-15 01:00:00,0.0,24.66732843928571,22.41195959404762,0.0,1,136,0.0
plant_1,2020-05-15 02:00:00,0.0,24.98683673333333,23.51207183333333,0.0,2,136,0.0
plant_1,2020-05-15 03:00:00,0.0,24.954589040476186,24.126433492857146,0.0,3,136,0.0
plant_1,2020-05-15 04:00:00,0.0,24.27666985,22.133105999999998,0.0,4,136,0.0
plant_1,2020-05-15 05:00:00,0.0,24.274983049999996,23.02011823452381,0.000215680310333325,5,136,0.000215680310333325
plant_1,2020-05-15 06:00:00,1238.727678577,24.07395065,22.9739853,0.04324318552999995,6,136,0.04324318552999995
plant_1,2020-05-15 07:00:00,4262.353630924999,24.889582025,28.806721364285714,0.14756142282857138,7,136,0.14756142282857138
plant_1,2020-05-15 08:00:00,9110.83610115,26.160301766666667,36.58531696666666,0.31628041066666657,8,136,0.31628041066666657
plant_1,2020-05-15 09:00:00,12302.17366075,27.644041851190476,42.92346050833333,0.4396227654285715,9,136,0.4396227654285715
plant_1,2020-05-15 10:00:00,14292.24223215,28.90181376666667,48.36988061666666,0.5150172215,10,136,0.5150172215
plant_1,2020-05-15 11:00:00,16557.2865473,30.18125093809524,48.84254719285714,0.5618510868928571,11,136,0.5618510868928571
plant_1,2020-05-15 12:00:00,18885.107737825,31.837944483333334,50.50314281666666,0.6783298891666667,12,136,0.6783298891666667
plant_1,2020-05-15 13:00:00,15327.566071500001,32.58073820119048,47.702169028571426,0.5102064738571428,13,136,0.5102064738571428
plant_1,2020-05-15 14:00:00,19202.96598215,33.917765453571434,51.74296217738095,0.6594180685952381,14,136,0.6594180685952381
plant_1,2020-05-15 15:00:00,13380.3696428,34.19202876666667,45.24501753333333,0.43940194566666657,15,136,0.43940194566666657
plant_1,2020-05-15 16:00:00,9580.4733631,34.18140343333333,41.259987966666664,0.3230948608333333,16,136,0.3230948608333333
plant_1,2020-05-15 17:00:00,3357.5050595375,33.02189040952381,34.64146269404762,0.11656907559047618,17,136,0.11656907559047618
plant_1,2020-05-15 18:00:00,210.13214285875,29.18877659404762,28.038944299999997,0.00838397645314285,18,136,0.00838397645314285
plant_1,2020-05-15 19:00:00,0.0,26.3398656,24.710708200000003,5.6400666e-05,19,136,5.6400666e-05
plant_1,2020-05-15 20:00:00,0.0,22.60343674404762,20.428886111904763,0.0,20,136,0.0
plant_1,2020-05-15 21:00:00,0.0,22.186489316666666,20.739117483333334,0.0,21,136,0.0
plant_1,2020-05-15 22:00:00,0.0,22.13324119047619,20.882504382142855,0.0,22,136,0.0
plant_1,2020-05-15 23:00:00,0.0,22.23601830769231,21.241316538461536,0.0,23,136,0.0
plant_1,2020-05-16 02:00:00,0.0,21.594316733333333,19.80222738333333,0.0,2,137,0.0
plant_1,2020-05-16 03:00:00,0.0,21.707953366666665,20.25878603333333,0.0,3,137,0.0
plant_1,2020-05-16 04:00:00,0.0,21.92854975595238,20.762247840476192,0.0,4,137,0.0
plant_1,2020-05-16 05:00:00,0.0,21.9089015,20.61456405,3.679236605e-05,5,137,3.679236605e-05
plant_1,2020-05-16 06:00:00,1187.89999997275,21.977285575,21.018062401190473,0.039656076961309475,6,137,0.039656076961309475
plant_1,2020-05-16 07:00:00,5082.67142855,22.867214584523808,25.23972486785714,0.16622843759523806,7,137,0.16622843759523806
plant_1,2020-05-16 08:00:00,11535.70089285,24.810612966666664,34.82467651666667,0.3835834596666667,8,137,0.3835834596666667
plant_1,2020-05-16 09:00:00,13702.236607175,26.480266933333333,39.938825566666665,0.4604658103333333,9,137,0.4604658103333333
plant_1,2020-05-16 10:00:00,17335.01562495,28.15197038809524,47.41450148333333,0.552785017345238,10,137,0.552785017345238
plant_1,2020-05-16 11:00:00,17061.490624949998,29.51412865,47.71051726666666,0.5584641586666665,11,137,0.5584641586666665
plant_1,2020-05-16 12:00:00,20465.747767475,30.643568545238097,50.86235429761904,0.6954473704761904,12,137,0.6954473704761904
plant_1,2020-05-16 13:00:00,18734.008036,31.490084383333333,50.48822185,0.6139163518333333,13,137,0.6139163518333333
plant_1,2020-05-16 14:00:00,15922.526785675,32.0017147202381,47.24071738690476,0.5202818691071428,14,137,0.5202818691071428
plant_1,2020-05-16 15:00:00,11875.821428625,32.34811151666666,43.648819533333324,0.3836832741666666,15,137,0.3836832741666666
plant_1,2020-05-16 16:00:00,5959.491071425,31.945855309523807,36.14177540119047,0.18631905705952378,16,137,0.18631905705952378
plant_1,2020-05-16 17:00:00,2952.0566964275,31.40916235,32.052246016666665,0.0932087213833333,17,137,0.0932087213833333
plant_1,2020-05-16 18:00:00,275.2883928625,29.379739349999998,26.67844488333333,0.008846148554976651,18,137,0.008846148554976651
plant_1,2020-05-16 19:00:00,0.0,27.773843579761902,25.173710835714285,0.0,19,137,0.0
plant_1,2020-05-16 20:00:00,0.0,26.609752547619046,24.006616385714285,0.0,20,137,0.0
plant_1,2020-05-16 21:00:00,0.0,25.508788466666665,22.83895318333333,0.0,21,137,0.0
plant_1,2020-05-16 22:00:00,0.0,24.74963269761905,22.099702804761904,0.0,22,137,0.0
plant_1,2020-05-16 23:00:00,0.0,24.370390283333332,22.0790273,0.0,23,137,0.0
plant_1,2020-05-17 00:00:00,0.0,24.0033637,21.570909944047617,0.0,0,138,0.0
plant_1,2020-05-17 01:00:00,0.0,23.773983484375,21.613145309375,0.0,1,138,0.0
plant_1,2020-05-17 02:00:00,0.0,23.40926451547619,21.333184027380955,0.0,2,138,0.0
plant_1,2020-05-17 03:00:00,0.0,23.106247950000004,21.16272228333333,0.0,3,138,0.0
plant_1,2020-05-17 04:00:00,0.0,22.825052916666667,20.967664583333335,0.0,4,138,0.0
plant_1,2020-05-17 05:00:00,0.0,22.56940003452381,21.014346436904763,8.33637205e-05,5,138,8.33637205e-05
plant_1,2020-05-17 06:00:00,777.219642865,22.780542049999998,21.898464,0.029804955638333325,6,138,0.029804955638333325
plant_1,2020-05-17 07:00:00,5937.74821435,23.785956519047616,27.036007041666664,0.21195417485238088,7,138,0.21195417485238088
plant_1,2020-05-17 08:00:00,12564.4558036,25.97143091666667,39.30826661666667,0.43525991499999994,8,138,0.43525991499999994
plant_1,2020-05-17 09:00:00,17692.66473235,28.375963504761906,47.53485876190476,0.6042784054880952,9,138,0.6042784054880952
plant_1,2020-05-17 10:00:00,22159.221429125,30.33595685,51.79666196666666,0.7530183226666667,10,138,0.7530183226666667
plant_1,2020-05-17 11:00:00,25013.164582875,31.88541513452381,60.1113761095238,0.9144147961666667,11,138,0.9144147961666667
plant_1,2020-05-17 12:00:00,20181.87008905,33.05976041666667,56.041961300000004,0.7314588040000001,12,138,0.7314588040000001
plant_1,2020-05-17 13:00:00,16702.277678325,33.680019560714285,50.87901851904762,0.5605612115714285,13,138,0.5605612115714285
plant_1,2020-05-17 14:00:00,15158.1178571,34.24005043333334,48.93140163333333,0.5259670066666666,14,138,0.5259670066666666
plant_1,2020-05-17 15:00:00,15370.110267850001,34.98917440952381,49.21295312023809,0.5185228104285714,15,138,0.5185228104285714
plant_1,2020-05-17 16:00:00,10250.1885417,31.174709830952377,38.86334765595238,0.3352452847619047,16,138,0.3352452847619047
plant_1,2020-05-17 17:00:00,3198.65133921,27.844508734523806,30.243215540476193,0.10356787474523806,17,138,0.10356787474523806
plant_1,2020-05-17 18:00:00,238.1571428575,26.157002700000003,25.36307478333333,0.008707614050644949,18,138,0.008707614050644949
plant_1,2020-05-17 19:00:00,0.0,25.89215509285714,24.07597265119048,0.0,19,138,0.0
plant_1,2020-05-17 20:00:00,0.0,25.4372325,24.018703249999998,0.0,20,138,0.0
plant_1,2020-05-17 21:00:00,0.0,22.672175189285714,21.616323048809523,0.0,21,138,0.0
plant_1,2020-05-17 22:00:00,0.0,21.282171183333332,20.5714665,0.0,22,138,0.0
plant_1,2020-05-17 23:00:00,0.0,21.229909388095237,20.605397145238094,0.0,23,138,0.0
plant_1,2020-05-18 00:00:00,0.0,21.119113166666665,20.534996016666668,0.0,0,139,0.0
plant_1,2020-05-18 01:00:00,0.0,21.017826299999996,20.409069783333333,0.0,1,139,0.0
plant_1,2020-05-18 02:00:00,0.0,21.079607952380954,20.260328083333334,0.0,2,139,0.0
plant_1,2020-05-18 03:00:00,0.0,21.342248533333333,20.76537223333333,0.0,3,139,0.0
plant_1,2020-05-18 04:00:00,0.0,21.161303357142856,20.12031880119048,0.0,4,139,0.0
plant_1,2020-05-18 05:00:00,0.0,21.146922449999998,19.957759616666667,0.000129991415833325,5,139,0.000129991415833325
plant_1,2020-05-18 06:00:00,1253.0294643197499,21.505703271428573,21.206793042857143,0.042866835285238075,6,139,0.042866835285238075
plant_1,2020-05-18 07:00:00,5165.076785775,22.459750416666665,26.47023108333333,0.16711463099999999,7,139,0.16711463099999999
plant_1,2020-05-18 08:00:00,3438.9758928749998,23.406023174999998,26.899411533333332,0.10386008539404758,8,139,0.10386008539404758
plant_1,2020-05-18 09:00:00,3503.555803525,23.757182816666663,27.298904366666665,0.10537978321666665,9,139,0.10537978321666665
plant_1,2020-05-18 10:00:00,6910.933928575,24.01112490595238,28.96312941547619,0.20958487426666667,10,139,0.20958487426666667
plant_1,2020-05-18 11:00:00,13432.91875005,25.126056416666664,38.40726119999999,0.42150088016666665,11,139,0.42150088016666665
plant_1,2020-05-18 12:00:00,17865.010267849997,26.44752098333333,44.38732865,0.577475432,12,139,0.577475432
plant_1,2020-05-18 13:00:00,22601.800892875,27.343820420238092,47.82486024404762,0.7671310242380952,13,139,0.7671310242380952
plant_1,2020-05-18 14:00:00,14792.533482025,27.673273199999997,43.68171495,0.48995834299999996,14,139,0.48995834299999996
plant_1,2020-05-18 15:00:00,16316.691964325,27.475132788095237,42.912243978571425,0.531226582,15,139,0.531226582
plant_1,2020-05-18 16:00:00,9050.29107145,27.395660899999996,36.44824796666666,0.29153992883333335,16,139,0.29153992883333335
plant_1,2020-05-18 17:00:00,3096.951339275,26.212608055952384,28.593954072619045,0.09719897547023806,17,139,0.09719897547023806
plant_1,2020-05-18 18:00:00,314.65758928500003,24.89978798333333,24.199809283333334,0.01165390506784995,18,139,0.01165390506784995
plant_1,2020-05-18 19:00:00,0.0,24.479608666666664,23.07689513333333,0.0,19,139,0.0
plant_1,2020-05-18 20:00:00,0.0,24.11428349166667,22.052794784523805,0.0,20,139,0.0
plant_1,2020-05-18 21:00:00,0.0,23.57697143333333,21.436995449999998,0.0,21,139,0.0
plant_1,2020-05-18 22:00:00,0.0,22.91703935238095,20.783325619047616,0.0,22,139,0.0
plant_1,2020-05-18 23:00:00,0.0,22.7539302,20.8525065,0.0,23,139,0.0
plant_1,2020-05-19 00:00:00,0.0,22.569811802380947,20.528161026190475,0.0,0,140,0.0
plant_1,2020-05-19 01:00:00,0.0,22.628986116666667,20.65906688333333,0.0,1,140,0.0
plant_1,2020-05-19 02:00:00,0.0,22.84524666309524,20.79563029642857,0.0,2,140,0.0
plant_1,2020-05-19 03:00:00,0.0,23.018200716666666,20.81359565,0.0,3,140,0.0
plant_1,2020-05-19 04:00:00,0.0,23.190629279761904,20.87247735357143,0.0,4,140,0.0
plant_1,2020-05-19 05:00:00,0.0,23.258594249999998,21.1526632,7.957945421665e-05,5,140,7.957945421665e-05
plant_1,2020-05-19 06:00:00,530.88125000625,23.410224386904762,22.44525894047619,0.018353297481666624,6,140,0.018353297481666624
plant_1,2020-05-19 07:00:00,5957.144196475,24.59851998333333,28.17446443333333,0.19582242541666664,7,140,0.19582242541666664
plant_1,2020-05-19 08:00:00,6887.954910725,25.443725348809522,32.419492394047616,0.22415173608809524,8,140,0.22415173608809524
plant_1,2020-05-19 09:00:00,14587.594642825,26.864864566666668,42.09147131666666,0.4959170546666666,9,140,0.4959170546666666
plant_1,2020-05-19 10:00:00,15944.082589275,27.75621028333333,43.61470402619047,0.5493137353452381,10,140,0.5493137353452381
plant_1,2020-05-19 11:00:00,15517.661706166667,28.25326722777778,45.474864930555555,0.5319547189999999,11,140,0.5319547189999999
plant_1,2020-05-19 12:00:00,22905.2583333,29.79805053333333,50.2430749,0.787080141,12,140,0.787080141
plant_1,2020-05-19 13:00:00,18939.955803625002,29.900670966666667,48.4894446,0.6253125728333334,13,140,0.6253125728333334
plant_1,2020-05-19 14:00:00,20651.58035695,30.17277315595238,49.776135800000006,0.6901497009404761,14,140,0.6901497009404761
plant_1,2020-05-19 15:00:00,13673.59910715,29.950729866666663,42.92621055,0.4474687416666666,15,140,0.4474687416666666
plant_1,2020-05-19 16:00:00,10035.907142875,29.67801833452381,39.509916108333336,0.3611488084523809,16,140,0.3611488084523809
plant_1,2020-05-19 17:00:00,2762.6129464225,28.363814249999997,31.20082445,0.11051163686666665,17,140,0.11051163686666665
plant_1,2020-05-19 18:00:00,0.43437499999999996,23.316263140476188,22.243057317857144,0.00047997434626663335,18,140,0.00047997434626663335
plant_1,2020-05-19 19:00:00,0.0,22.499559583333333,20.559704566666667,0.0,19,140,0.0
plant_1,2020-05-19 20:00:00,0.0,23.130025716666665,20.503182483333333,0.0,20,140,0.0
plant_1,2020-05-19 21:00:00,0.0,23.948110770238095,21.387568289285714,0.0,21,140,0.0
plant_1,2020-05-19 22:00:00,0.0,23.58156378333333,21.291150949999995,0.0,22,140,0.0
plant_1,2020-05-19 23:00:00,0.0,22.89346925357143,20.42818446904762,0.0,23,140,0.0
plant_1,2020-05-20 00:00:00,0.0,22.290050266666668,20.111283866666664,0.0,0,141,0.0
plant_1,2020-05-20 01:00:00,0.0,22.161183444047616,19.887477813095238,0.0,1,141,0.0
plant_1,2020-05-20 02:00:00,0.0,22.01137848333333,19.463808066666665,0.0,2,141,0.0
plant_1,2020-05-20 03:00:00,0.0,22.012319247619047,19.452436186904762,0.0,3,141,0.0
plant_1,2020-05-20 04:00:00,0.0,22.122256033333333,19.4709178,0.0,4,141,0.0
plant_1,2020-05-20 05:00:00,0.0,21.846556798809523,18.907921072619047,3.684209000000001e-06,5,141,3.684209000000001e-06
plant_1,2020-05-20 06:00:00,1177.1825893015,21.80262003333333,19.76662095,0.04088675475666662,6,141,0.04088675475666662
plant_1,2020-05-20 07:00:00,6402.7839286,23.197775357142856,25.18499513452381,0.23003979838095234,7,141,0.23003979838095234
plant_1,2020-05-20 08:00:00,13415.479464375,25.34270525,36.64516196666667,0.45933566699999995,8,141,0.45933566699999995
plant_1,2020-05-20 09:00:00,18595.89732145,27.10947146904762,44.00745019523809,0.6307187538452381,9,141,0.6307187538452381
plant_1,2020-05-20 10:00:00,23186.894196524998,28.52478485,50.13947648333333,0.7963303183333332,10,141,0.7963303183333332
plant_1,2020-05-20 11:00:00,25946.05267875,29.782175633333335,54.193612216666665,0.9001110031666666,11,141,0.9001110031666666
plant_1,2020-05-20 12:00:00,27325.8986605,31.023028686904766,58.387927010714286,0.9690397647261905,12,141,0.9690397647261905
plant_1,2020-05-20 13:00:00,25460.979226,31.45943844242424,56.55488405757576,0.9001322504545453,13,141,0.9001322504545453
plant_1,2020-05-20 17:00:00,3660.5080356999997,29.150322616666664,31.4666188,0.12404832316666665,17,141,0.12404832316666665
plant_1,2020-05-20 18:00:00,660.2093750015,27.77857989642857,26.925524027380952,0.022829525131273766,18,141,0.022829525131273766
plant_1,2020-05-20 19:00:00,0.0,26.233910533333333,23.549506649999998,0.0,19,141,0.0
plant_1,2020-05-20 20:00:00,0.0,25.394888816666665,22.467924566666667,0.0,20,141,0.0
plant_1,2020-05-20 21:00:00,0.0,24.73416100119048,21.87433841547619,0.0,21,141,0.0
plant_1,2020-05-20 22:00:00,0.0,24.19025290595238,21.44324423333333,0.0,22,141,0.0
plant_1,2020-05-21 07:00:00,7494.9,23.530553636363635,30.40324263636364,0.3223960490909091,7,142,0.3223960490909091
plant_1,2020-05-21 08:00:00,12920.261517925,24.739467366666666,37.702160066666664,0.44325642666666665,8,142,0.44325642666666665
plant_1,2020-05-21 09:00:00,19776.097767825,27.047764673809525,48.870910553571434,0.7028915417023809,9,142,0.7028915417023809
plant_1,2020-05-21 10:00:00,17933.296249625,28.462232999999998,50.964982083333325,0.6937580926666667,10,142,0.6937580926666667
plant_1,2020-05-21 11:00:00,25497.74330315,29.85705540714286,57.81069410833334,0.9209442712142858,11,142,0.9209442712142858
plant_1,2020-05-21 12:00:00,21382.785714625003,30.723835833333332,54.708423483333334,0.776878259,12,142,0.776878259
plant_1,2020-05-21 13:00:00,23835.03464285,31.539038739285715,55.88179280119048,0.8500099465595238,13,142,0.8500099465595238
plant_1,2020-05-21 14:00:00,18067.868303850002,31.86687515,50.3283804,0.6115290695,14,142,0.6115290695
plant_1,2020-05-21 15:00:00,15037.573958425,32.12127010714286,47.7096035654762,0.5086676949523808,15,142,0.5086676949523808
plant_1,2020-05-21 16:00:00,7633.7669643,30.945326766666668,37.849356533333335,0.2450269709,16,142,0.2450269709
plant_1,2020-05-21 17:00:00,1519.7816964325,29.28367758333333,29.507903570238096,0.04725485009166665,17,142,0.04725485009166665
plant_1,2020-05-21 18:00:00,207.67723214,27.549890116666667,26.0536448,0.0082264502778333,18,142,0.0082264502778333
plant_1,2020-05-21 19:00:00,0.0,26.273561976190475,24.026944217857142,0.0,19,142,0.0
plant_1,2020-05-21 20:00:00,0.0,25.228687,22.96982275,0.0,20,142,0.0
plant_1,2020-05-21 21:00:00,0.0,24.483799055952378,22.159342921428568,0.0,21,142,0.0
plant_1,2020-05-21 22:00:00,0.0,24.138509666666668,21.587924216666664,0.0,22,142,0.0
plant_1,2020-05-21 23:00:00,0.0,23.91243719404762,21.195494763095237,0.0,23,142,0.0
plant_1,2020-05-22 00:00:00,0.0,23.62829435,21.216041533333332,0.0,0,143,0.0
plant_1,2020-05-22 01:00:00,0.0,23.507252583333333,22.099617711904763,0.0,1,143,0.0
plant_1,2020-05-22 02:00:00,0.0,23.42935159880952,22.314399926190475,0.0,2,143,0.0
plant_1,2020-05-22 03:00:00,0.0,23.117065416666666,21.4549265,0.0,3,143,0.0
plant_1,2020-05-22 04:00:00,0.0,22.972063497619047,21.38420957857143,0.0,4,143,0.0
plant_1,2020-05-22 05:00:00,0.0,22.8479095,21.399191316666666,0.000266826762333325,5,143,0.000266826762333325
plant_1,2020-05-22 06:00:00,1534.4258928975,23.095605360714284,22.636385639285713,0.05194381590547615,6,143,0.05194381590547615
plant_1,2020-05-22 07:00:00,7574.01517855,24.11722005,29.693450783333333,0.27283301596666665,7,143,0.27283301596666665
plant_1,2020-05-22 08:00:00,8745.7433035,25.20296444761905,34.49204114404762,0.30174501195238096,8,143,0.30174501195238096
plant_1,2020-05-22 09:00:00,12165.643125025,26.615702399999996,38.09819853333333,0.3933977091666666,9,143,0.3933977091666666
plant_1,2020-05-22 10:00:00,16376.926339225,27.921672322619045,43.117950545238095,0.5765076142380952,10,143,0.5765076142380952
plant_1,2020-05-22 11:00:00,22024.643392375,29.524861666666666,51.96473235,0.8021581256666666,11,143,0.8021581256666666
plant_1,2020-05-22 12:00:00,23474.306250125,30.977001095238094,57.60786207380953,0.8808289983690476,12,143,0.8808289983690476
plant_1,2020-05-22 13:00:00,22485.00074445,31.67726688333333,56.1729512,0.787116728,13,143,0.787116728
plant_1,2020-05-22 14:00:00,21292.280356625,32.286646835714286,54.683532088095234,0.7392159658571429,14,143,0.7392159658571429
plant_1,2020-05-22 15:00:00,13405.663392925,32.47474150833334,48.41206835119048,0.4652432358452381,15,143,0.4652432358452381
plant_1,2020-05-22 16:00:00,5463.324553625,30.537190799999998,36.172486766666665,0.17767499149999993,16,143,0.17767499149999993
plant_1,2020-05-22 17:00:00,2206.550000045,29.199906978571427,30.77111201904762,0.0724919405928571,17,143,0.0724919405928571
plant_1,2020-05-22 18:00:00,209.00446428825,28.147688216666662,27.059440116666664,0.008356646485766625,18,143,0.008356646485766625
plant_1,2020-05-22 19:00:00,0.0,27.256123366666664,25.642492216666664,0.0,19,143,0.0
plant_1,2020-05-22 20:00:00,0.0,26.699791504761905,24.99967506428571,0.0,20,143,0.0
plant_1,2020-05-22 21:00:00,0.0,26.03650515,25.042627433333337,0.0,21,143,0.0
plant_1,2020-05-22 22:00:00,0.0,23.57489425357143,22.621067716666666,0.0,22,143,0.0
plant_1,2020-05-22 23:00:00,0.0,21.793151350000002,20.4367803,0.0,23,143,0.0
plant_1,2020-05-23 00:00:00,0.0,21.655995233333336,20.53416766904762,0.0,0,144,0.0
plant_1,2020-05-23 01:00:00,0.0,21.533191416666668,20.373434383333333,0.0,1,144,0.0
plant_1,2020-05-23 02:00:00,0.0,21.813507476190477,20.54169314047619,0.0,2,144,0.0
plant_1,2020-05-23 03:00:00,0.0,21.943901016666665,20.74042658333333,0.0,3,144,0.0
plant_1,2020-05-23 04:00:00,0.0,22.073265483333333,21.118209609523806,0.0,4,144,0.0
plant_1,2020-05-23 05:00:00,0.0,21.92008673333333,21.012809266666665,0.0,5,144,0.0
plant_1,2020-05-23 06:00:00,1419.49333332,22.344629916666666,22.08666241666667,0.0454442841666666,6,144,0.0454442841666666
plant_1,2020-05-23 07:00:00,5404.6254465249995,22.96647359642857,26.694234520238098,0.17861670604285715,7,144,0.17861670604285715
plant_1,2020-05-23 08:00:00,14317.512500025001,25.194889933333332,39.68144375,0.49443552649999994,8,144,0.49443552649999994
plant_1,2020-05-23 09:00:00,18474.21607135,27.368390041666668,46.074149996428574,0.6512008897500001,9,144,0.6512008897500001
plant_1,2020-05-23 10:00:00,19569.261160825,28.205914766666666,48.53599695,0.6851064511666667,10,144,0.6851064511666667
plant_1,2020-05-23 11:00:00,26037.875892625,29.71130791547619,57.357519714285715,0.9394699098928572,11,144,0.9394699098928572
plant_1,2020-05-23 12:00:00,25121.8383922,31.02895253333333,61.49207671666666,0.9243867435,12,144,0.9243867435
plant_1,2020-05-23 13:00:00,25208.152678500002,32.14111893333333,58.826104266666675,0.9026499993333333,13,144,0.9026499993333333
plant_1,2020-05-23 14:00:00,17793.86473235,32.77395768095238,53.2906561797619,0.6069630438690476,14,144,0.6069630438690476
plant_1,2020-05-23 15:00:00,16103.974107125,32.92367098333334,47.997737599999994,0.5139724243333333,15,144,0.5139724243333333
plant_1,2020-05-23 16:00:00,11821.058482225,32.53408778452381,45.21551344523809,0.4057750891666666,16,144,0.4057750891666666
plant_1,2020-05-23 17:00:00,5242.64999995,30.469380116666667,34.91620233333333,0.1779255627333333,17,144,0.1779255627333333
plant_1,2020-05-23 18:00:00,1021.16919644725,28.780811283333335,29.0618039202381,0.03479947948210235,18,144,0.03479947948210235
plant_1,2020-05-23 19:00:00,0.0,27.485154666666666,25.809593166666666,0.0,19,144,0.0
plant_1,2020-05-23 20:00:00,0.0,26.647221166666668,24.925855791666667,0.0,20,144,0.0
plant_1,2020-05-23 21:00:00,0.0,26.12653675555556,23.968815799999998,0.0,21,144,0.0
plant_1,2020-05-23 22:00:00,0.0,25.5640054,23.316331433333332,0.0,22,144,0.0
plant_1,2020-05-23 23:00:00,0.0,24.940095873809526,22.538089322619047,0.0,23,144,0.0
plant_1,2020-05-24 00:00:00,0.0,24.45264805833333,21.839049876190476,0.0,0,145,0.0
plant_1,2020-05-24 01:00:00,0.0,24.30246935,22.170725360714286,0.0,1,145,0.0
plant_1,2020-05-24 02:00:00,0.0,24.419165049999997,22.345417716666667,0.0,2,145,0.0
plant_1,2020-05-24 03:00:00,0.0,23.98014059047619,21.35209923214286,0.0,3,145,0.0
plant_1,2020-05-24 04:00:00,0.0,23.8138509,21.240207416666667,0.0,4,145,0.0
plant_1,2020-05-24 05:00:00,0.0,23.419822979761907,20.33128835833333,0.00015498005066665,5,145,0.00015498005066665
plant_1,2020-05-24 06:00:00,1304.501785728,23.54794005,21.682673700000002,0.04433136856833332,6,145,0.04433136856833332
plant_1,2020-05-24 07:00:00,6160.5107142,25.14631604404762,29.491129690476185,0.2370869135833333,7,145,0.2370869135833333
plant_1,2020-05-24 08:00:00,11964.18437495,26.496342466666665,37.10426285,0.4083468753333333,8,145,0.4083468753333333
plant_1,2020-05-24 09:00:00,15553.22142865,27.571660245238093,42.08941777857143,0.5164013111666667,9,145,0.5164013111666667
plant_1,2020-05-24 10:00:00,19757.70089295,28.8105489,46.63701471666667,0.6915071745,10,145,0.6915071745
plant_1,2020-05-24 11:00:00,24207.755803725002,30.448671817857143,56.750689767857146,0.8648312350833333,11,145,0.8648312350833333
plant_1,2020-05-24 12:00:00,25845.58482125,31.738319266666664,60.107316333333344,0.958445879,12,145,0.958445879
plant_1,2020-05-24 13:00:00,24292.331249825,32.94483433928571,60.45155063928571,0.8748722549404762,13,145,0.8748722549404762
plant_1,2020-05-24 14:00:00,20013.441517975,33.60884705,56.511063083333326,0.7526318096666667,14,145,0.7526318096666667
plant_1,2020-05-24 15:00:00,11661.825,33.40508370119048,48.11556207738094,0.40361039308333335,15,145,0.40361039308333335
plant_1,2020-05-24 16:00:00,8487.37455355,32.883561150000006,40.08480376666667,0.28074439149999997,16,145,0.28074439149999997
plant_1,2020-05-24 17:00:00,5102.262499949999,32.16733534166667,36.56946771190476,0.18004262501071425,17,145,0.18004262501071425
plant_1,2020-05-24 18:00:00,603.7580357100001,29.9501348,28.740227266666665,0.0212878470783333,18,145,0.0212878470783333
plant_1,2020-05-24 19:00:00,0.0,28.246910939285712,26.278824442857143,0.0,19,145,0.0
plant_1,2020-05-24 20:00:00,0.0,27.084617083333335,25.64338745,0.0,20,145,0.0
plant_1,2020-05-24 21:00:00,0.0,25.790709704761905,23.78835332857143,0.0,21,145,0.0
plant_1,2020-05-24 22:00:00,0.0,24.66484481666667,23.21441288333333,0.0,22,145,0.0
plant_1,2020-05-24 23:00:00,0.0,24.108015670238093,22.946120139285714,0.0,23,145,0.0
plant_1,2020-05-25 00:00:00,0.0,23.67953598333333,22.616472950000002,0.0,0,146,0.0
plant_1,2020-05-25 01:00:00,0.0,23.793860658333337,22.630734195238094,0.0,1,146,0.0
plant_1,2020-05-25 02:00:00,0.0,23.673393216666664,22.514745033333334,0.0,2,146,0.0
plant_1,2020-05-25 03:00:00,0.0,23.54819785238095,22.266695639285714,0.0,3,146,0.0
plant_1,2020-05-25 04:00:00,0.0,23.433653266666667,22.146270266666665,0.0,4,146,0.0
plant_1,2020-05-25 05:00:00,0.0,23.202136799999995,21.25744831111111,0.0,5,146,0.0
plant_1,2020-05-25 06:00:00,1232.5553571225,23.18727401043956,21.829703397985348,0.045310666757051254,6,146,0.045310666757051254
plant_1,2020-05-25 07:00:00,5681.5236606749995,24.136750783333333,26.885045816666665,0.20911412983333327,7,146,0.20911412983333327
plant_1,2020-05-25 08:00:00,12655.096875025,25.43542060952381,37.58152262738095,0.4371036139642857,8,146,0.4371036139642857
plant_1,2020-05-25 09:00:00,19789.4129465,27.852421016666668,48.59190018333334,0.6916181106666667,9,146,0.6916181106666667
plant_1,2020-05-25 10:00:00,23527.5549109,29.32791857142857,54.91318447857143,0.847770457404762,10,146,0.847770457404762
plant_1,2020-05-25 11:00:00,26121.4129465,30.99183553333333,59.55268804999999,0.937201793,11,146,0.937201793
plant_1,2020-05-25 12:00:00,26869.81517925,32.07275245833333,59.16123945,0.9656088658214286,12,146,0.9656088658214286
plant_1,2020-05-25 13:00:00,25356.0965775,33.239346947619055,60.15347582142858,0.9008903854404762,13,146,0.9008903854404762
plant_1,2020-05-25 14:00:00,22260.9071423,33.67912736190476,57.409194773809524,0.7910178290357142,14,146,0.7910178290357142
plant_1,2020-05-25 15:00:00,19038.2294644,34.38076933333333,53.31247406666666,0.6416658786666667,15,146,0.6416658786666667
plant_1,2020-05-25 16:00:00,8237.63303565,33.8930327202381,42.99851833690476,0.2697621424880952,16,146,0.2697621424880952
plant_1,2020-05-25 17:00:00,1756.8915178525,32.05434566666667,32.11992231666667,0.0575928573833333,17,146,0.0575928573833333
plant_1,2020-05-25 18:00:00,366.91071429125003,28.304531366666666,26.886455283333333,0.013207775823766648,18,146,0.013207775823766648
plant_1,2020-05-25 19:00:00,0.0,26.57933547142857,24.093908222619046,0.0,19,146,0.0
plant_1,2020-05-25 20:00:00,0.0,26.232587133333332,23.692628983333336,0.0,20,146,0.0
plant_1,2020-05-25 21:00:00,0.0,25.446367851190473,24.726612794047618,0.0,21,146,0.0
plant_1,2020-05-25 22:00:00,0.0,22.493630466666662,21.512481183333332,0.0,22,146,0.0
plant_1,2020-05-25 23:00:00,0.0,22.473452433333335,20.000045323809523,0.0,23,146,0.0
plant_1,2020-05-26 00:00:00,0.0,22.256281033333334,19.902349383333334,0.0,0,147,0.0
plant_1,2020-05-26 01:00:00,0.0,22.222414649999997,19.679908892857142,0.0,1,147,0.0
plant_1,2020-05-26 02:00:00,0.0,21.800504066666665,19.28382668333333,0.0,2,147,0.0
plant_1,2020-05-26 03:00:00,0.0,21.364649516666667,19.117106083333333,0.0,3,147,0.0
plant_1,2020-05-26 04:00:00,0.0,21.312706444047617,19.006534258333335,0.0,4,147,0.0
plant_1,2020-05-26 05:00:00,0.0,22.070155316666664,19.539565016666664,0.00020635903135,5,147,0.00020635903135
plant_1,2020-05-26 06:00:00,1324.3334821815,22.783858596428573,21.118755901190475,0.043703293967857125,6,147,0.043703293967857125
plant_1,2020-05-26 07:00:00,6427.474107125,24.205434099999998,27.84069116666667,0.2439782858333333,7,147,0.2439782858333333
plant_1,2020-05-26 08:00:00,13564.181250025,26.271270117857142,39.95716410952381,0.4789968870119048,8,147,0.4789968870119048
plant_1,2020-05-26 09:00:00,19556.60892865,27.801093966666667,49.629906283333334,0.6919608188333333,9,147,0.6919608188333333
plant_1,2020-05-26 10:00:00,23340.60580445,29.53407568690476,56.541919428571425,0.8427738709166666,10,147,0.8427738709166666
plant_1,2020-05-26 11:00:00,21834.221874725,30.40919703333333,55.491460716666666,0.778270831,11,147,0.778270831
plant_1,2020-05-26 12:00:00,23205.121427525,31.46684990119047,56.57650733333333,0.8239350104880954,12,147,0.8239350104880954
plant_1,2020-05-26 13:00:00,21401.853571375003,32.67045833333333,57.48449853333333,0.7622425405,13,147,0.7622425405
plant_1,2020-05-26 14:00:00,12641.716071325001,32.70317200595238,49.08159946309524,0.42751056750000005,14,147,0.42751056750000005
plant_1,2020-05-26 15:00:00,13133.687946475,32.6998913,44.827407816666664,0.427828956,15,147,0.427828956
plant_1,2020-05-26 16:00:00,12265.25178565,33.224596244047625,44.473493015476194,0.41015728260714285,16,147,0.41015728260714285
plant_1,2020-05-26 17:00:00,3434.7571428449996,31.72510988333333,35.14305228333333,0.11505909359999997,17,147,0.11505909359999997
plant_1,2020-05-26 18:00:00,241.129017855,28.967409116666666,27.80243660357143,0.016023397816785676,18,147,0.016023397816785676
plant_1,2020-05-26 19:00:00,0.0,27.47797595,25.4549042,0.0,19,147,0.0
plant_1,2020-05-26 20:00:00,0.0,26.134843472619046,23.28577411190476,0.0,20,147,0.0
plant_1,2020-05-26 21:00:00,0.0,26.575712683333336,25.1851711,0.0,21,147,0.0
plant_1,2020-05-26 22:00:00,0.0,25.930998569047617,23.940487891666667,0.0,22,147,0.0
plant_1,2020-05-26 23:00:00,0.0,24.0982615,22.991171283333333,0.0,23,147,0.0
plant_1,2020-05-27 00:00:00,0.0,23.3974126,21.77005198333333,0.0,0,148,0.0
plant_1,2020-05-27 01:00:00,0.0,23.560330661904764,22.106003558333335,0.0,1,148,0.0
plant_1,2020-05-27 02:00:00,0.0,23.543554166666667,21.594501816666664,0.0,2,148,0.0
plant_1,2020-05-27 03:00:00,0.0,24.049561879761903,21.850401072619047,0.0,3,148,0.0
plant_1,2020-05-27 04:00:00,0.0,23.567823233333332,21.50969335,0.0,4,148,0.0
plant_1,2020-05-27 05:00:00,0.0,23.443279973809524,21.55644231428571,0.000210134299583325,5,148,0.000210134299583325
plant_1,2020-05-27 06:00:00,1531.3783036125,23.434353133333335,22.373884033333333,0.0528227298966666,6,148,0.0528227298966666
plant_1,2020-05-27 07:00:00,6052.281220275,25.02574100238095,28.334441775000002,0.2180529917928571,7,148,0.2180529917928571
plant_1,2020-05-27 08:00:00,12545.611458375,26.89609325,39.139409416666666,0.4510691605,8,148,0.4510691605
plant_1,2020-05-27 09:00:00,17945.839821524998,28.434631160714286,48.02500499880953,0.6405595882261905,9,148,0.6405595882261905
plant_1,2020-05-27 10:00:00,16245.633928475,29.26446335357143,47.43523615039682,0.5742018994642857,10,148,0.5742018994642857
plant_1,2020-05-27 11:00:00,21970.96324455,30.834396783333332,55.76013176666666,0.7790673806666666,11,148,0.7790673806666666
plant_1,2020-05-27 12:00:00,18676.310714025,32.10466298452381,56.908168005952376,0.7092874103809523,12,148,0.7092874103809523
plant_1,2020-05-27 13:00:00,12322.686309525001,32.43146921666666,46.49787123333333,0.41788405583333327,13,148,0.41788405583333327
plant_1,2020-05-27 14:00:00,12308.646577399999,32.59225887619048,45.443716183333336,0.4015431301071428,14,148,0.4015431301071428
plant_1,2020-05-27 15:00:00,12875.821874925,32.44795675,45.466436816666665,0.4216070968333333,15,148,0.4216070968333333
plant_1,2020-05-27 16:00:00,10559.175000025,31.952802416666664,42.38717346666667,0.3573314593333333,16,148,0.3573314593333333
plant_1,2020-05-27 17:00:00,3200.1374999225,30.329792817857143,32.77524199761904,0.1025679821928571,17,148,0.1025679821928571
plant_1,2020-05-27 18:00:00,192.477976195,28.609951233333334,27.283312483333333,0.008164154678716624,18,148,0.008164154678716624
plant_1,2020-05-27 19:00:00,0.0,25.774399152380948,24.552107155952378,2.2388488500000003e-05,19,148,2.2388488500000003e-05
plant_1,2020-05-27 20:00:00,0.0,22.932962016666664,21.31111145,0.0,20,148,0.0
plant_1,2020-05-27 21:00:00,0.0,23.142256983333333,20.944196340476193,0.0,21,148,0.0
plant_1,2020-05-27 22:00:00,0.0,22.9103566,20.810649083333335,0.0,22,148,0.0
plant_1,2020-05-27 23:00:00,0.0,23.37074884047619,22.25171458690476,0.0,23,148,0.0
plant_1,2020-05-28 00:00:00,0.0,23.19194895,21.79885555,0.0,0,149,0.0
plant_1,2020-05-28 01:00:00,0.0,22.686305513095242,20.505794563095236,0.0,1,149,0.0
plant_1,2020-05-28 02:00:00,0.0,22.488680483333333,20.582993516666665,0.0,2,149,0.0
plant_1,2020-05-28 03:00:00,0.0,22.53689301071428,20.824554935714286,0.0,3,149,0.0
plant_1,2020-05-28 04:00:00,0.0,22.55685975,20.30698295,0.0,4,149,0.0
plant_1,2020-05-28 05:00:00,0.0,21.908114364285712,19.698901740476188,9.601054955355e-05,5,149,9.601054955355e-05
plant_1,2020-05-28 06:00:00,1434.31250002,21.92193748333333,20.221685366666666,0.04666067406166663,6,149,0.04666067406166663
plant_1,2020-05-28 07:00:00,6635.57410715,23.865807154761903,29.029136160714287,0.2569155761904761,7,149,0.2569155761904761
plant_1,2020-05-28 08:00:00,13567.5625,26.17351325,40.094587583333336,0.47830720149999995,8,149,0.47830720149999995
plant_1,2020-05-28 09:00:00,19467.4785714,28.09045187738095,47.17867031428572,0.6823496627857143,9,149,0.6823496627857143
plant_1,2020-05-28 10:00:00,21559.129017749998,29.4413844,52.86690923333333,0.7955459541666666,10,149,0.7955459541666666
plant_1,2020-05-28 11:00:00,26246.422320550002,30.84940593333333,57.15824271666666,0.9349086853333333,11,149,0.9349086853333333
plant_1,2020-05-28 12:00:00,25799.924821875,32.12130267976191,59.072737697023804,0.9252549583571428,12,149,0.9252549583571428
plant_1,2020-05-28 13:00:00,21679.9477675,32.98781219761905,55.49942768452381,0.7852678075595237,13,149,0.7852678075595237
plant_1,2020-05-28 14:00:00,16358.20949415,33.08978283534798,49.67862443415751,0.5528901629587911,14,149,0.5528901629587911
plant_1,2020-05-28 15:00:00,17641.11622025,33.341209398809525,49.676019859523805,0.6084723951785714,15,149,0.6084723951785714
plant_1,2020-05-28 16:00:00,8319.532589275,32.781076955952386,40.46794176904762,0.2835528989761905,16,149,0.2835528989761905
plant_1,2020-05-28 17:00:00,4142.4606547675,32.15466739285714,35.455530852380946,0.1415586949714285,17,149,0.1415586949714285
plant_1,2020-05-28 18:00:00,428.19336309525,29.92789463333333,29.45733794404762,0.016315329101269024,18,149,0.016315329101269024
plant_1,2020-05-28 19:00:00,0.0,27.704796766666664,26.4528289,0.0,19,149,0.0
plant_1,2020-05-28 20:00:00,0.0,26.810803644047617,25.272813367857143,0.0,20,149,0.0
plant_1,2020-05-28 21:00:00,0.0,23.45720641062271,22.29331460989011,0.0,21,149,0.0
plant_1,2020-05-28 22:00:00,0.0,20.972577899999997,19.999423166666666,0.0,22,149,0.0
plant_1,2020-05-29 06:00:00,2151.15583332,21.008914966666662,21.026031716666665,0.06903451244047613,6,150,0.06903451244047613
plant_1,2020-05-29 07:00:00,4785.124553525,21.931272933333332,26.33282368333333,0.15142690999999994,7,150,0.15142690999999994
plant_1,2020-05-29 08:00:00,9812.829464375,23.39789618214286,33.85840351071428,0.32145518480952373,8,150,0.32145518480952373
plant_1,2020-05-29 09:00:00,16628.970089325,25.397425883333334,45.4178661,0.5679020458333334,9,150,0.5679020458333334
plant_1,2020-05-29 10:00:00,23695.1483639,27.648535149999997,55.300663633333336,0.8429225341666666,10,150,0.8429225341666666
plant_1,2020-05-29 11:00:00,23900.585268125,29.19579075238095,56.95102501547619,0.8802125378333333,11,150,0.8802125378333333
plant_1,2020-05-29 12:00:00,24912.453125,30.176429749999997,60.04765275,0.8647957854999999,12,150,0.8647957854999999
plant_1,2020-05-29 13:00:00,23608.236607175,31.295939158333333,60.91278727738096,0.845985537952381,13,150,0.845985537952381
plant_1,2020-05-29 14:00:00,17724.811160775,31.693425566666665,52.09330603333333,0.6152179005,14,150,0.6152179005
plant_1,2020-05-29 15:00:00,15882.94375005,32.364440694047616,50.30777927619047,0.5346083614404763,15,150,0.5346083614404763
plant_1,2020-05-29 16:00:00,11271.644196375,31.69114228333333,44.245344,0.37517764783333335,16,150,0.37517764783333335
plant_1,2020-05-29 17:00:00,4135.4892856675,29.33880534404762,33.465077347619044,0.13573970194166665,17,150,0.13573970194166665
plant_1,2020-05-29 18:00:00,306.054166665,27.61383406666667,26.880474816666666,0.011695278211499974,18,150,0.011695278211499974
plant_1,2020-05-29 19:00:00,0.0,26.084994549999998,23.946111099999996,0.0,19,150,0.0
plant_1,2020-05-29 20:00:00,0.0,25.5755309,24.111533569047616,0.0,20,150,0.0
plant_1,2020-05-29 21:00:00,0.0,25.522905449999996,24.20298665,0.0,21,150,0.0
plant_1,2020-05-29 22:00:00,0.0,23.568339184523808,22.436549014285717,0.0,22,150,0.0
plant_1,2020-05-29 23:00:00,0.0,21.53329725,20.767105583333333,0.0,23,150,0.0
plant_1,2020-05-30 00:00:00,0.0,21.439897183333333,20.64846945,0.0,0,151,0.0
plant_1,2020-05-30 01:00:00,0.0,21.296016308333332,20.396275138095238,0.0,1,151,0.0
plant_1,2020-05-30 02:00:00,0.0,21.320394366666665,20.566225116666665,0.0,2,151,0.0
plant_1,2020-05-30 03:00:00,0.0,21.389394447619047,20.53873051904762,0.0,3,151,0.0
plant_1,2020-05-30 04:00:00,0.0,21.39213915,20.47306675,0.0,4,151,0.0
plant_1,2020-05-30 05:00:00,0.0,21.251900301190474,20.09265811547619,0.000263558286696425,5,151,0.000263558286696425
plant_1,2020-05-30 06:00:00,1222.040624985,21.31949308333333,20.67088216666667,0.041216641256666624,6,151,0.041216641256666624
plant_1,2020-05-30 07:00:00,4445.184821425,22.297559616666664,25.089831483333334,0.14200059901666665,7,151,0.14200059901666665
plant_1,2020-05-30 08:00:00,7798.385714275,23.444931727380954,32.405807847619045,0.25941299097619047,8,151,0.25941299097619047
plant_1,2020-05-30 09:00:00,10843.975000024999,24.622521916666663,35.2279668,0.34362687649999996,9,151,0.34362687649999996
plant_1,2020-05-30 10:00:00,10595.431696374999,24.88764245,31.512654929761904,0.3168655618809524,10,151,0.3168655618809524
plant_1,2020-05-30 11:00:00,17975.58125015,25.755790733333335,42.120661383333335,0.5818618121666665,11,151,0.5818618121666665
plant_1,2020-05-30 12:00:00,24941.030802775,27.99384397261905,60.94857968571428,0.9612937132380953,12,151,0.9612937132380953
plant_1,2020-05-30 13:00:00,22955.246875124998,29.08103338333333,54.5196696,0.8225208319999999,13,151,0.8225208319999999
plant_1,2020-05-30 14:00:00,23375.386606975,30.095827720238095,53.460254739285716,0.8136779358571429,14,151,0.8136779358571429
plant_1,2020-05-30 15:00:00,18361.28705355,30.723655733333334,48.354659516666665,0.6186222878333333,15,151,0.6186222878333333
plant_1,2020-05-30 16:00:00,11219.797767875,30.917674051190474,41.179524063095236,0.38102523015476186,16,151,0.38102523015476186
plant_1,2020-05-30 17:00:00,4755.8383928675,30.121506716666666,33.593877133333336,0.16869172773333332,17,151,0.16869172773333332
plant_1,2020-05-30 18:00:00,521.6120535705,28.32141115,26.549042733333337,0.017683775219999975,18,151,0.017683775219999975
plant_1,2020-05-30 19:00:00,0.0,26.63507949404762,23.769341951190476,0.0,19,151,0.0
plant_1,2020-05-30 20:00:00,0.0,25.23827765,23.3354121,0.0,20,151,0.0
plant_1,2020-05-30 21:00:00,0.0,23.70420788690476,21.58626489047619,0.0,21,151,0.0
plant_1,2020-05-30 22:00:00,0.0,23.27743681666667,21.23468588333333,0.0,22,151,0.0
plant_1,2020-05-30 23:00:00,0.0,23.261721625,21.30975289761905,0.0,23,151,0.0
plant_1,2020-05-31 00:00:00,0.0,23.431380716666666,21.772142483333333,0.0,0,152,0.0
plant_1,2020-05-31 01:00:00,0.0,23.643260585714287,22.202290557142856,0.0,1,152,0.0
plant_1,2020-05-31 02:00:00,0.0,23.256448883333334,21.4475063,0.0,2,152,0.0
plant_1,2020-05-31 03:00:00,0.0,22.811892746428573,21.01503390238095,0.0,3,152,0.0
plant_1,2020-05-31 04:00:00,0.0,22.364622999999998,20.756352733333333,0.0,4,152,0.0
plant_1,2020-05-31 05:00:00,0.0,22.032395588095238,20.565469147619048,0.00032375399767855,5,152,0.00032375399767855
plant_1,2020-05-31 06:00:00,1286.56294646375,22.255024816666666,21.75386655,0.042268592586666626,6,152,0.042268592586666626
plant_1,2020-05-31 07:00:00,3645.934821475,22.9230814,24.47139335,0.11429403971666666,7,152,0.11429403971666666
plant_1,2020-05-31 08:00:00,9469.008482075,24.12895488452381,31.152774017857148,0.3103530583928571,8,152,0.3103530583928571
plant_1,2020-05-31 09:00:00,14569.51026785,25.89544733333333,42.324756066666666,0.481262297,9,152,0.481262297
plant_1,2020-05-31 10:00:00,20735.7522326,27.450291425000003,47.239492523809524,0.7364355854880953,10,152,0.7364355854880953
plant_1,2020-05-31 11:00:00,20510.125000275002,28.540163149999998,48.55766298333333,0.6111365016666666,11,152,0.6111365016666666
plant_1,2020-05-31 12:00:00,20129.71607115,29.561058302380953,51.63714665595238,0.7024086472023809,12,152,0.7024086472023809
plant_1,2020-05-31 13:00:00,14119.450000025001,30.263973466666666,50.67387648333333,0.5152410561833333,13,152,0.5152410561833333
plant_1,2020-05-31 14:00:00,12751.49464285,30.321678633333335,46.48818968333333,0.4501184893333333,14,152,0.4501184893333333
plant_1,2020-05-31 15:00:00,5693.608035775,27.558802710714286,31.797078135714287,0.17393400943095236,15,152,0.17393400943095236
plant_1,2020-05-31 16:00:00,4728.608035725,27.780120883333332,32.202238066666666,0.1453450151166666,16,152,0.1453450151166666
plant_1,2020-05-31 17:00:00,3335.9723214,28.025526807142857,30.392372797619046,0.10592595277857139,17,152,0.10592595277857139
plant_1,2020-05-31 18:00:00,509.0508928535,27.0164485,26.382060733333333,0.017317528404499974,18,152,0.017317528404499974
plant_1,2020-05-31 19:00:00,0.0,25.682224060714283,23.658965822619045,0.0,19,152,0.0
plant_1,2020-05-31 20:00:00,0.0,24.8379374,22.272830183333333,0.0,20,152,0.0
plant_1,2020-05-31 21:00:00,0.0,24.232111375,22.053939670238094,0.0,21,152,0.0
plant_1,2020-05-31 22:00:00,0.0,23.76321355,21.650489816666664,0.0,22,152,0.0
plant_1,2020-05-31 23:00:00,0.0,23.566329366666665,21.389177933333333,0.0,23,152,0.0
plant_1,2020-06-01 00:00:00,0.0,22.984830366666664,20.318536004761903,0.0,0,153,0.0
plant_1,2020-06-01 01:00:00,0.0,22.402358516666666,20.1491374,0.0,1,153,0.0
plant_1,2020-06-01 02:00:00,0.0,21.9681661,20.016897077380953,0.0,2,153,0.0
plant_1,2020-06-01 03:00:00,0.0,21.612367283333334,19.589257216666667,0.0,3,153,0.0
plant_1,2020-06-01 04:00:00,0.0,21.450485383333334,19.756565020238096,0.0,4,153,0.0
plant_1,2020-06-01 05:00:00,0.0,21.266458083333333,19.484783416666666,3.654130565e-05,5,153,3.654130565e-05
plant_1,2020-06-01 06:00:00,1626.0625000205,21.744154307142857,21.155460257142856,0.0547979956238095,6,153,0.0547979956238095
plant_1,2020-06-01 07:00:00,7743.6352678,23.563298083333333,27.238455183333333,0.27861487283333325,7,153,0.27861487283333325
plant_1,2020-06-01 08:00:00,13150.122321474999,25.508490966666667,38.459726933333336,0.4616985471666666,8,153,0.4616985471666666
plant_1,2020-06-01 09:00:00,14251.8558036,26.95265453452381,43.46012772619048,0.48206835892857136,9,153,0.48206835892857136
plant_1,2020-06-01 10:00:00,21428.87276745,28.692367533333332,52.271818499999995,0.7905447196666667,10,153,0.7905447196666667
plant_1,2020-06-01 11:00:00,20818.55535625,29.727355910714287,55.17149921904761,0.7429766296190475,11,153,0.7429766296190475
plant_1,2020-06-01 12:00:00,12748.7294643,29.500049866666668,46.198145616666665,0.4600924206666666,12,153,0.4600924206666666
plant_1,2020-06-01 13:00:00,17466.475893225,28.72519416062271,42.48186363956044,0.5849628438763735,13,153,0.5849628438763735
plant_1,2020-06-01 14:00:00,7646.552678525,27.03158118333333,33.09719545,0.2352925498333333,14,153,0.2352925498333333
plant_1,2020-06-01 15:00:00,4363.589732075,26.699546175,30.1194295,0.1295021397130952,15,153,0.1295021397130952
plant_1,2020-06-01 16:00:00,3763.094196475,26.692817199999997,29.121524049999998,0.1140604543166666,16,153,0.1140604543166666
plant_1,2020-06-01 17:00:00,1968.433928605,25.831221066666664,26.855030783333333,0.061864866366666625,17,153,0.061864866366666625
plant_1,2020-06-01 18:00:00,446.8950892875,25.282939439285713,24.450792613095235,0.015798149495473774,18,153,0.015798149495473774
plant_1,2020-06-01 19:00:00,0.0,24.5138815,22.595769766666667,0.0,19,153,0.0
plant_1,2020-06-01 20:00:00,0.0,23.856714479761905,21.55836550714286,0.0,20,153,0.0
plant_1,2020-06-01 21:00:00,0.0,23.464800999999998,21.038550816666667,0.0,21,153,0.0
plant_1,2020-06-01 22:00:00,0.0,22.970588082142857,20.370118630952376,0.0,22,153,0.0
plant_1,2020-06-01 23:00:00,0.0,22.2660253,20.106944866666666,0.0,23,153,0.0
plant_1,2020-06-02 00:00:00,0.0,22.528203366666666,20.202085383333333,0.0,0,154,0.0
plant_1,2020-06-02 01:00:00,0.0,21.91399434404762,20.039730632142856,0.0,1,154,0.0
plant_1,2020-06-02 02:00:00,0.0,21.589045716666668,19.653283599999998,0.0,2,154,0.0
plant_1,2020-06-02 03:00:00,0.0,21.306182786904763,19.64173472380952,0.0,3,154,0.0
plant_1,2020-06-02 04:00:00,0.0,21.497141499999998,19.961939433333335,0.0,4,154,0.0
plant_1,2020-06-02 05:00:00,0.0,21.683181952380952,20.178020113095236,1.9480226825e-05,5,154,1.9480226825e-05
plant_1,2020-06-02 06:00:00,943.308482146,21.949030599999997,21.57059075,0.03209249082499997,6,154,0.03209249082499997
plant_1,2020-06-02 07:00:00,4245.05848215,23.107134245238097,25.21412415357143,0.13364666476190473,7,154,0.13364666476190473
plant_1,2020-06-02 08:00:00,15104.83660715,25.130929483333333,41.071773316666665,0.5237007351666667,8,154,0.5237007351666667
plant_1,2020-06-02 09:00:00,18801.330357175,26.693789716666668,46.8221156,0.6472665915,9,154,0.6472665915
plant_1,2020-06-02 10:00:00,17603.222321425,27.368866341666667,45.2529863702381,0.5826241637023809,10,154,0.5826241637023809
plant_1,2020-06-02 11:00:00,15477.872767875,27.563664199999998,42.76973325,0.5013793961666666,11,154,0.5013793961666666
plant_1,2020-06-02 12:00:00,20288.8071423,27.71823013809524,44.20994412619048,0.6776177424285714,12,154,0.6776177424285714
plant_1,2020-06-02 13:00:00,25382.695536175,27.834460999999997,48.0804741,0.8504542575,13,154,0.8504542575
plant_1,2020-06-02 14:00:00,17136.671874975,27.184618510714287,41.95883473452381,0.5611298656904762,14,154,0.5611298656904762
plant_1,2020-06-02 15:00:00,13213.721874974999,26.59697525,37.748958216666665,0.4122924611666666,15,154,0.4122924611666666
plant_1,2020-06-02 16:00:00,10513.118749975,26.347669091666667,35.557502414285715,0.33210542024999995,16,154,0.33210542024999995
plant_1,2020-06-02 17:00:00,3151.72767861,25.281263249999995,27.36232605,0.10264171891666662,17,154,0.10264171891666662
plant_1,2020-06-02 18:00:00,304.52083333275,24.56919361785714,23.74849149761905,0.013941355773309475,18,154,0.013941355773309475
plant_1,2020-06-02 19:00:00,0.0,24.2131485,22.17606356666667,0.0,19,154,0.0
plant_1,2020-06-02 20:00:00,0.0,23.62470751666666,20.995983622619043,0.0,20,154,0.0
plant_1,2020-06-02 21:00:00,0.0,23.079214,20.379448483333334,0.0,21,154,0.0
plant_1,2020-06-02 22:00:00,0.0,23.093489583333334,20.9638403,0.0,22,154,0.0
plant_1,2020-06-02 23:00:00,0.0,23.123945164285715,21.195636552380954,0.0,23,154,0.0
plant_1,2020-06-03 00:00:00,0.0,22.850776649999997,20.616782099999998,0.0,0,155,0.0
plant_1,2020-06-03 01:00:00,0.0,22.831480598809524,21.478441560714288,0.0,1,155,0.0
plant_1,2020-06-03 02:00:00,0.0,22.61596733333333,21.177245083333332,0.0,2,155,0.0
plant_1,2020-06-03 03:00:00,0.0,22.439410432142857,20.765211595238092,0.0,3,155,0.0
plant_1,2020-06-03 04:00:00,0.0,22.340443383333334,20.830812566666665,0.0,4,155,0.0
plant_1,2020-06-03 05:00:00,0.0,22.117304358333335,20.948890871428567,4.17164965e-05,5,155,4.17164965e-05
plant_1,2020-06-03 06:00:00,1016.53080357325,21.953793366666666,21.335348516666667,0.03381855074166663,6,155,0.03381855074166663
plant_1,2020-06-03 07:00:00,5256.778571475,23.079577583333332,27.482461549999996,0.17199302316666665,7,155,0.17199302316666665
plant_1,2020-06-03 08:00:00,9943.351339325,24.923908964285715,33.83705548214286,0.3200839641071428,8,155,0.3200839641071428
plant_1,2020-06-03 09:00:00,13076.4705357,25.899281816666665,36.72769868333333,0.41729276699999995,9,155,0.41729276699999995
plant_1,2020-06-03 10:00:00,16980.487946575,26.565269708333332,39.5705625297619,0.5521217240833334,10,155,0.5521217240833334
plant_1,2020-06-03 11:00:00,23031.450893375,28.122532133333333,48.67207953333333,0.8002929516666666,11,155,0.8002929516666666
plant_1,2020-06-03 12:00:00,23224.566964999998,28.475724885714286,49.95710241547619,0.7716695621071429,12,155,0.7716695621071429
plant_1,2020-06-03 13:00:00,21237.59702355,28.593501008333334,49.010610891666666,0.7192448333333333,13,155,0.7192448333333333
plant_1,2020-06-03 14:00:00,20866.79226206667,28.316502817460314,47.690869815873015,0.7069825720952382,14,155,0.7069825720952382
plant_1,2020-06-03 15:00:00,19062.454017775002,28.5670726,47.0080409,0.646814382,15,155,0.646814382
plant_1,2020-06-03 16:00:00,8594.765625,26.978599591666665,34.23532392380952,0.27376210434523807,16,155,0.27376210434523807
plant_1,2020-06-03 17:00:00,6224.529464175001,26.421655833333332,31.89054815,0.2217487387666666,17,155,0.2217487387666666
plant_1,2020-06-03 18:00:00,601.0982142865,25.085260533333333,24.184896366666667,0.022805963434249964,18,155,0.022805963434249964
plant_1,2020-06-03 19:00:00,0.0,24.131776848809523,21.645084016666665,0.0,19,155,0.0
plant_1,2020-06-03 20:00:00,0.0,23.6723486,21.310227949999998,0.0,20,155,0.0
plant_1,2020-06-03 21:00:00,0.0,23.408221411904762,20.900538526190473,0.0,21,155,0.0
plant_1,2020-06-03 22:00:00,0.0,23.290399649999998,21.26498268333333,0.0,22,155,0.0
plant_1,2020-06-03 23:00:00,0.0,23.295533875,21.83589478928571,0.0,23,155,0.0
plant_1,2020-06-04 00:00:00,0.0,23.231469716666666,21.85238645,0.0,0,156,0.0
plant_1,2020-06-04 01:00:00,0.0,22.940034534523807,20.832421529761906,0.0,1,156,0.0
plant_1,2020-06-04 02:00:00,0.0,22.937562516666667,21.219248483333335,0.0,2,156,0.0
plant_1,2020-06-04 03:00:00,0.0,22.204723166666668,19.6024134,0.0,3,156,0.0
plant_1,2020-06-04 04:00:00,0.0,21.809643576190474,19.32744831547619,0.0,4,156,0.0
plant_1,2020-06-04 05:00:00,0.0,22.2581395,20.129351866666667,0.00010663811675,5,156,0.00010663811675
plant_1,2020-06-04 06:00:00,1278.90223213925,22.431216054761904,20.975051858333334,0.04403581026333332,6,156,0.04403581026333332
plant_1,2020-06-04 07:00:00,5570.7785714500005,23.503319299999998,26.530427583333335,0.20374435226666662,7,156,0.20374435226666662
plant_1,2020-06-04 08:00:00,11562.5191964,25.29721652857143,37.50783156904762,0.3930512096666666,8,156,0.3930512096666666
plant_1,2020-06-04 09:00:00,14879.25669645,26.806169150000002,42.16953125,0.4725451148333333,9,156,0.4725451148333333
plant_1,2020-06-04 10:00:00,21361.051339225,27.872224930952378,47.245024469047614,0.749098090952381,10,156,0.749098090952381
plant_1,2020-06-04 11:00:00,21364.83526785,28.961748816666667,51.57386715,0.7456370488333333,11,156,0.7456370488333333
plant_1,2020-06-04 12:00:00,21519.171875699998,29.532184038095238,51.94037626190476,0.7650117286904762,12,156,0.7650117286904762
plant_1,2020-06-04 13:00:00,23619.621429275,29.98561805,53.26506921666667,0.8593581025000001,13,156,0.8593581025000001
plant_1,2020-06-04 14:00:00,17518.933482175,29.24605255,45.208319016666664,0.5764752508333333,14,156,0.5764752508333333
plant_1,2020-06-04 15:00:00,19626.6017855,28.925448861904762,47.22052300833333,0.6612217138809524,15,156,0.6612217138809524
plant_1,2020-06-04 16:00:00,13083.04017855,28.24327695,40.68523606666667,0.4319029835,16,156,0.4319029835
plant_1,2020-06-04 17:00:00,6913.1727679,27.320749080952382,33.09117673095238,0.24109593660238093,17,156,0.24109593660238093
plant_1,2020-06-04 18:00:00,645.91235119525,25.75932925,25.139221266666667,0.024459627928666627,18,156,0.024459627928666627
plant_1,2020-06-04 19:00:00,0.0,24.637524204761903,21.840617316666666,0.0,19,156,0.0
plant_1,2020-06-04 20:00:00,0.0,24.02648058333334,21.313891633333334,0.0,20,156,0.0
plant_1,2020-06-04 21:00:00,0.0,23.462045330952378,20.814181263095236,0.0,21,156,0.0
plant_1,2020-06-04 22:00:00,0.0,23.07879283333333,20.279772383333334,0.0,22,156,0.0
plant_1,2020-06-04 23:00:00,0.0,22.397249322619047,19.55560314285714,0.0,23,156,0.0
plant_1,2020-06-05 00:00:00,0.0,22.39559265,19.928119416666664,0.0,0,157,0.0
plant_1,2020-06-05 01:00:00,0.0,22.16502695357143,19.480210070238098,0.0,1,157,0.0
plant_1,2020-06-05 02:00:00,0.0,21.97895713333333,19.529925600000002,0.0,2,157,0.0
plant_1,2020-06-05 03:00:00,0.0,21.904109513095236,19.62372155595238,0.0,3,157,0.0
plant_1,2020-06-05 04:00:00,0.0,21.686428333333332,19.438721783333335,0.0,4,157,0.0
plant_1,2020-06-05 05:00:00,0.0,21.584485778571427,19.565233453571427,0.00021200332714285,5,157,0.00021200332714285
plant_1,2020-06-05 06:00:00,1251.48973217075,21.837783266666666,20.352920066666666,0.041433380634999975,6,157,0.041433380634999975
plant_1,2020-06-05 07:00:00,4231.051785725,22.847301061904762,25.119723141666668,0.14063198527142853,7,157,0.14063198527142853
plant_1,2020-06-05 08:00:00,12103.00535715,24.485236633333333,34.69560836666667,0.4327397011666666,8,157,0.4327397011666666
plant_1,2020-06-05 09:00:00,17026.040624825,26.727168250000002,45.35476793333334,0.5630597573333332,9,157,0.5630597573333332
plant_1,2020-06-05 10:00:00,20072.999107825002,27.71860523690476,48.83224894166667,0.6770821471428571,10,157,0.6770821471428571
plant_1,2020-06-05 11:00:00,23655.979018525002,28.28674625,55.77718448333333,0.8991218703333335,11,157,0.8991218703333335
plant_1,2020-06-05 12:00:00,9908.3946428,26.245739795238094,35.846553439285714,0.3128115066071428,12,157,0.3128115066071428
plant_1,2020-06-05 13:00:00,21420.004463924997,26.30506895,45.04044856666667,0.7189348643333333,13,157,0.7189348643333333
plant_1,2020-06-05 14:00:00,21716.605357525,29.209935145238095,52.47157316190476,0.7509132963333333,14,157,0.7509132963333333
plant_1,2020-06-05 15:00:00,15494.025000075,29.28798618333333,45.0863526,0.5207533706666667,15,157,0.5207533706666667
plant_1,2020-06-05 16:00:00,13274.6767856,29.130685427380953,41.64445941904762,0.4470425226071428,16,157,0.4470425226071428
plant_1,2020-06-05 17:00:00,7514.90357145,28.2909881,34.9216233,0.25661569166666665,17,157,0.25661569166666665
plant_1,2020-06-05 18:00:00,974.363541626,26.69215889404762,27.17154075,0.03681270003851185,18,157,0.03681270003851185
plant_1,2020-06-05 19:00:00,0.0,24.90590915,22.389537583333336,0.0,19,157,0.0
plant_1,2020-06-05 20:00:00,0.0,24.14407631190476,21.354980260714285,0.0,20,157,0.0
plant_1,2020-06-05 21:00:00,0.0,23.5107015,20.58587483333333,0.0,21,157,0.0
plant_1,2020-06-05 22:00:00,0.0,23.00879798095238,20.060521051190477,0.0,22,157,0.0
plant_1,2020-06-05 23:00:00,0.0,22.545445733333334,19.709701983333336,0.0,23,157,0.0
plant_1,2020-06-06 00:00:00,0.0,22.37295531428571,19.634243596428572,0.0,0,158,0.0
plant_1,2020-06-06 01:00:00,0.0,22.143518016666665,19.52920833333333,0.0,1,158,0.0
plant_1,2020-06-06 02:00:00,0.0,21.873258933333332,19.42582145,0.0,2,158,0.0
plant_1,2020-06-06 03:00:00,0.0,21.529000213095237,19.15860366904762,0.0,3,158,0.0
plant_1,2020-06-06 04:00:00,0.0,21.295664933333335,18.964003016666666,0.0,4,158,0.0
plant_1,2020-06-06 05:00:00,0.0,20.677156399999998,18.29242399880952,0.000262526357,5,158,0.000262526357
plant_1,2020-06-06 06:00:00,1474.725892855,21.130987516666668,19.592870033333334,0.0505171043733333,6,158,0.0505171043733333
plant_1,2020-06-06 07:00:00,7763.867410675,23.242579954761908,28.398200604761904,0.3046097639166666,7,158,0.3046097639166666
plant_1,2020-06-06 08:00:00,12759.042857100001,25.549276266666666,40.33330388333333,0.4566014915,8,158,0.4566014915
plant_1,2020-06-06 09:00:00,13555.2321429,26.76387909880952,40.62179940357143,0.47652023594047616,9,158,0.47652023594047616
plant_1,2020-06-06 10:00:00,19772.46428585,28.044093316666665,49.55097761666667,0.6890630695,10,158,0.6890630695
plant_1,2020-06-06 11:00:00,18350.3406245,29.33593665595238,49.92544553214286,0.6319854227499999,11,158,0.6319854227499999
plant_1,2020-06-06 12:00:00,19198.5035715,29.723899816666666,49.31684701666667,0.7225126698333333,12,158,0.7225126698333333
plant_1,2020-06-06 13:00:00,18900.3008931,28.60822363452381,44.48139603452381,0.644815158,13,158,0.644815158
plant_1,2020-06-06 14:00:00,14231.3772329,27.339747133333333,42.28642523333333,0.47592235883333334,14,158,0.47592235883333334
plant_1,2020-06-06 15:00:00,8988.941071475001,26.07960898690476,31.382009366666665,0.27226939810714285,15,158,0.27226939810714285
plant_1,2020-06-06 16:00:00,3691.929910775,25.835363216666668,28.91799015,0.1116237712666666,16,158,0.1116237712666666
plant_1,2020-06-06 17:00:00,1253.97232143,24.603566916666665,25.134492033333334,0.03815083184999995,17,158,0.03815083184999995
plant_1,2020-06-06 18:00:00,142.43303571925,23.903491442857142,23.231367176190474,0.006865693646476175,18,158,0.006865693646476175
plant_1,2020-06-06 19:00:00,0.0,23.05416055,21.832463516666667,0.0,19,158,0.0
plant_1,2020-06-06 20:00:00,0.0,22.33755772142857,20.381677938095237,0.0,20,158,0.0
plant_1,2020-06-06 21:00:00,0.0,22.205919933333334,20.434828683333333,0.0,21,158,0.0
plant_1,2020-06-06 22:00:00,0.0,22.155004283333334,20.229067033333333,0.0,22,158,0.0
plant_1,2020-06-06 23:00:00,0.0,22.13166079285714,20.211067936904765,0.0,23,158,0.0
plant_1,2020-06-07 00:00:00,0.0,22.172480333333333,20.4849584,0.0,0,159,0.0
plant_1,2020-06-07 01:00:00,0.0,22.246113760714287,20.77359950595238,0.0,1,159,0.0
plant_1,2020-06-07 02:00:00,0.0,22.066873166666667,20.415523233333335,0.0,2,159,0.0
plant_1,2020-06-07 03:00:00,0.0,21.903646795238096,20.21529535952381,0.0,3,159,0.0
plant_1,2020-06-07 04:00:00,0.0,21.937317416666666,20.360091133333334,0.0,4,159,0.0
plant_1,2020-06-07 05:00:00,0.0,22.104030721428572,20.759086596428574,6.1158156675525e-05,5,159,6.1158156675525e-05
plant_1,2020-06-07 06:00:00,1460.5549107,22.097016366666665,21.656446816666662,0.04991347621333327,6,159,0.04991347621333327
plant_1,2020-06-07 07:00:00,4404.36919645,22.537069216666666,26.026079316666667,0.1408685824166666,7,159,0.1408685824166666
plant_1,2020-06-07 08:00:00,8392.256696475,23.161128522619048,30.484799019047617,0.2624469832023809,8,159,0.2624469832023809
plant_1,2020-06-07 09:00:00,16523.571874975,24.37360893333333,40.382001716666664,0.5319708848333333,9,159,0.5319708848333333
plant_1,2020-06-07 10:00:00,19974.54732105,25.578311978571428,43.940603214285716,0.6711461439166666,10,159,0.6711461439166666
plant_1,2020-06-07 11:00:00,25593.988393075,27.546876483333335,55.65297193333333,0.9060520798333332,11,159,0.9060520798333332
plant_1,2020-06-07 12:00:00,24268.216518175002,28.78057265,58.29784398333333,1.01170257725,12,159,1.01170257725
plant_1,2020-06-07 13:00:00,17341.53973185,29.982181766666663,54.788882516666675,0.8305941268333333,13,159,0.8305941268333333
plant_1,2020-06-07 14:00:00,15918.724999869999,30.146266776190476,47.408270103571425,0.5641124195119047,14,159,0.5641124195119047
plant_1,2020-06-07 15:00:00,16338.513839325002,30.261759416666667,45.48479053333334,0.5349026459999999,15,159,0.5349026459999999
plant_1,2020-06-07 16:00:00,11828.953124925,29.898538538095238,40.54269408690476,0.39542794771428563,16,159,0.39542794771428563
plant_1,2020-06-07 17:00:00,5443.10267865,28.366089349999996,32.9798356,0.18299867814999998,17,159,0.18299867814999998
plant_1,2020-06-07 18:00:00,546.53437500225,26.166535141666667,25.184501426190476,0.01839550919466664,18,159,0.01839550919466664
plant_1,2020-06-07 19:00:00,0.0,24.838899683333334,22.560077933333332,0.0,19,159,0.0
plant_1,2020-06-07 20:00:00,0.0,24.070846689285716,22.097435150000003,0.0,20,159,0.0
plant_1,2020-06-07 21:00:00,0.0,23.6971705,22.110029066666666,0.0,21,159,0.0
plant_1,2020-06-07 22:00:00,0.0,23.200513158333333,21.377294566666666,0.0,22,159,0.0
plant_1,2020-06-07 23:00:00,0.0,23.2523081,21.9663025,0.0,23,159,0.0
plant_1,2020-06-08 00:00:00,0.0,23.1135085,21.86410755357143,0.0,0,160,0.0
plant_1,2020-06-08 01:00:00,0.0,22.606850652380952,20.955526729761907,0.0,1,160,0.0
plant_1,2020-06-08 02:00:00,0.0,22.44120888333333,21.1601827,0.0,2,160,0.0
plant_1,2020-06-08 03:00:00,0.0,22.15589973690476,20.98212627261905,0.0,3,160,0.0
plant_1,2020-06-08 04:00:00,0.0,22.009183013095235,20.700276610714283,0.0,4,160,0.0
plant_1,2020-06-08 05:00:00,0.0,21.58335928333333,20.21429193333333,0.000258923946833325,5,160,0.000258923946833325
plant_1,2020-06-08 06:00:00,1335.2325892742501,21.622181305952378,21.28217550714286,0.044062588126190426,6,160,0.044062588126190426
plant_1,2020-06-08 07:00:00,5304.911160775,22.593312066666666,26.222001566666663,0.18647552311666662,7,160,0.18647552311666662
plant_1,2020-06-08 08:00:00,10864.101785675,24.218138339285712,35.08357694642857,0.36298589090476185,8,160,0.36298589090476185
plant_1,2020-06-08 09:00:00,20800.929583025,26.628920790750914,46.91917336327839,0.7135166228891942,9,160,0.7135166228891942
plant_1,2020-06-08 10:00:00,24631.8142852,28.18635006547619,52.06436005,0.8618694146666667,10,160,0.8618694146666667
plant_1,2020-06-08 11:00:00,23454.44955325,28.779726116666666,50.16498105,0.8080811234999999,11,160,0.8080811234999999
plant_1,2020-06-08 12:00:00,20679.603124825,29.15430167380952,47.460909765476195,0.7173900709761905,12,160,0.7173900709761905
plant_1,2020-06-08 13:00:00,19683.317857000002,29.94881073333333,50.545794666666666,0.7360743284999999,13,160,0.7360743284999999
plant_1,2020-06-08 14:00:00,22100.31339245,30.673969560714283,52.703012975,0.7593683400714284,14,160,0.7593683400714284
plant_1,2020-06-08 15:00:00,17899.21473195,30.7856949,47.27726593333333,0.5980849598333333,15,160,0.5980849598333333
plant_1,2020-06-08 16:00:00,10276.65625005,29.022301683333335,38.10209493333334,0.34019435093333333,16,160,0.34019435093333333
plant_1,2020-06-08 17:00:00,4757.149553575,28.64792483095238,33.119577172619046,0.17113327968095235,17,160,0.17113327968095235
plant_1,2020-06-08 18:00:00,734.1723214225,27.128252733333333,26.393591266666668,0.029386261824549974,18,160,0.029386261824549974
plant_1,2020-06-08 19:00:00,0.0,25.502021895238094,23.008134266666666,0.0,19,160,0.0
plant_1,2020-06-08 20:00:00,0.0,24.325386566666666,21.137207099999998,0.0,20,160,0.0
plant_1,2020-06-08 21:00:00,0.0,23.514334935714285,20.59146790357143,0.0,21,160,0.0
plant_1,2020-06-08 22:00:00,0.0,23.191221499999997,20.74686283333333,0.0,22,160,0.0
plant_1,2020-06-08 23:00:00,0.0,22.757581100000003,20.227443466666667,0.0,23,160,0.0
plant_1,2020-06-09 00:00:00,0.0,22.21815481785714,19.386306176190473,0.0,0,161,0.0
plant_1,2020-06-09 01:00:00,0.0,21.845899433333333,19.4871241,0.0,1,161,0.0
plant_1,2020-06-09 02:00:00,0.0,21.417404016666666,19.188193397619045,0.0,2,161,0.0
plant_1,2020-06-09 03:00:00,0.0,21.314007566666668,19.31135761666667,0.0,3,161,0.0
plant_1,2020-06-09 04:00:00,0.0,21.305073658333335,19.688138424999998,0.0,4,161,0.0
plant_1,2020-06-09 05:00:00,0.0,21.213012083333332,19.413201899999997,0.00024562206666665,5,161,0.00024562206666665
plant_1,2020-06-09 06:00:00,1562.6325893475,21.63425604047619,20.333628392857143,0.0510595843721428,6,161,0.0510595843721428
plant_1,2020-06-09 07:00:00,5485.152678525,23.286785799999997,26.704984083333336,0.2188101443333333,7,161,0.2188101443333333
plant_1,2020-06-09 08:00:00,14015.081696425,25.326538988095237,39.06813579166667,0.5008473409404761,8,161,0.5008473409404761
plant_1,2020-06-09 09:00:00,18931.923214324997,27.49978385,47.00158256666666,0.6641447218333333,9,161,0.6641447218333333
plant_1,2020-06-09 10:00:00,21352.606249375,28.362417516666667,48.03990076666666,0.7577397655,10,161,0.7577397655
plant_1,2020-06-09 11:00:00,23540.416071525,29.966948682142856,54.44581669404762,0.8505517691666667,11,161,0.8505517691666667
plant_1,2020-06-09 12:00:00,20290.960267399998,30.39640711666667,51.21747753333333,0.7240576521666666,12,161,0.7240576521666666
plant_1,2020-06-09 13:00:00,21207.922767475,31.08761780952381,54.871484561904765,0.7595741170595238,13,161,0.7595741170595238
plant_1,2020-06-09 14:00:00,15664.21339295,30.82582395,45.61594095,0.5113312998333334,14,161,0.5113312998333334
plant_1,2020-06-09 15:00:00,17430.4790179,30.56048666785714,45.45718743690476,0.5725845436071428,15,161,0.5725845436071428
plant_1,2020-06-09 16:00:00,11499.323660675,29.87070465,40.18490073333333,0.3819170283333333,16,161,0.3819170283333333
plant_1,2020-06-09 17:00:00,5098.8642857,28.407150461904763,32.63908220357143,0.17041512511904758,17,161,0.17041512511904758
plant_1,2020-06-09 18:00:00,729.79508928775,26.797197966666666,26.31715188333333,0.025389615769499975,18,161,0.025389615769499975
plant_1,2020-06-09 19:00:00,0.0,25.348752933333333,23.06225128333333,0.0,19,161,0.0
plant_1,2020-06-09 20:00:00,0.0,24.574884576190478,22.17879730595238,0.0,20,161,0.0
plant_1,2020-06-09 21:00:00,0.0,23.80950415,21.434218866666665,0.0,21,161,0.0
plant_1,2020-06-09 22:00:00,0.0,23.161783222619043,20.728371841666664,0.0,22,161,0.0
plant_1,2020-06-09 23:00:00,0.0,22.867057850000002,20.602625083333333,0.0,23,161,0.0
plant_1,2020-06-10 00:00:00,0.0,22.758794563095236,20.860187471428567,0.0,0,162,0.0
plant_1,2020-06-10 01:00:00,0.0,22.508951333333332,20.679177866666667,0.0,1,162,0.0
plant_1,2020-06-10 02:00:00,0.0,22.356467066666667,20.652160657142858,0.0,2,162,0.0
plant_1,2020-06-10 03:00:00,0.0,22.183734066666666,20.131546016666668,0.0,3,162,0.0
plant_1,2020-06-10 04:00:00,0.0,21.90007886547619,19.83379872857143,0.0,4,162,0.0
plant_1,2020-06-10 05:00:00,0.0,21.864237483333334,19.47839096666667,6.262212005e-05,5,162,6.262212005e-05
plant_1,2020-06-10 06:00:00,1458.8169642705,22.073455464285715,20.550800032142856,0.0490059701880952,6,162,0.0490059701880952
plant_1,2020-06-10 07:00:00,6520.9986607,23.614835616666667,28.175078300000003,0.25514380124999997,7,162,0.25514380124999997
plant_1,2020-06-10 08:00:00,9372.570535750001,25.168664566666667,34.65823966666666,0.30697492083333333,8,162,0.30697492083333333
plant_1,2020-06-10 09:00:00,15421.483035674999,26.777984578571427,42.20284340476191,0.5224034428333333,9,162,0.5224034428333333
plant_1,2020-06-10 10:00:00,13166.725892800001,27.34746453333333,39.37138826666666,0.43475638233333336,10,162,0.43475638233333336
plant_1,2020-06-10 11:00:00,16401.389285675,28.17276197142857,42.79893903690476,0.57247193425,11,162,0.57247193425
plant_1,2020-06-10 12:00:00,25414.3049111,30.229449916666663,53.94891523333333,0.9085489426666666,12,162,0.9085489426666666
plant_1,2020-06-10 13:00:00,20616.375893174998,31.03364382142857,50.17854783809524,0.6970009455595237,13,162,0.6970009455595237
plant_1,2020-06-10 14:00:00,12594.222767874999,30.1143702,43.11079375,0.4316771927,14,162,0.4316771927
plant_1,2020-06-10 15:00:00,7590.844642825,24.486214266666668,27.86704661666667,0.22153852199999996,15,162,0.22153852199999996
plant_1,2020-06-10 16:00:00,8498.70535715,26.141634301190475,33.990552408333336,0.26582140836904755,16,162,0.26582140836904755
plant_1,2020-06-10 17:00:00,4067.878571375,25.937685836904762,29.63778898095238,0.13037452608928568,17,162,0.13037452608928568
plant_1,2020-06-10 18:00:00,360.0562499975,25.129089883333336,24.85434473333333,0.012292385500756625,18,162,0.012292385500756625
plant_1,2020-06-10 19:00:00,0.0,24.549957720238094,23.20375764166667,0.0,19,162,0.0
plant_1,2020-06-10 20:00:00,0.0,22.99427545,21.79700108333333,0.0,20,162,0.0
plant_1,2020-06-10 21:00:00,0.0,22.327392033333332,21.0959442,0.0,21,162,0.0
plant_1,2020-06-10 22:00:00,0.0,22.040985173809524,20.644512442857142,0.0,22,162,0.0
plant_1,2020-06-10 23:00:00,0.0,22.347103966666666,21.13925985,0.0,23,162,0.0
plant_1,2020-06-11 00:00:00,0.0,22.525041579761904,21.602324559523808,0.0,0,163,0.0
plant_1,2020-06-11 01:00:00,0.0,22.265796416666667,21.026558399999995,0.0,1,163,0.0
plant_1,2020-06-11 02:00:00,0.0,21.931037454761906,20.556466183333335,0.0,2,163,0.0
plant_1,2020-06-11 03:00:00,0.0,21.452965316666667,19.779945833333333,0.0,3,163,0.0
plant_1,2020-06-11 04:00:00,0.0,21.14273433333333,19.58994848333333,0.0,4,163,0.0
plant_1,2020-06-11 05:00:00,0.0,21.783436602380952,20.24134335952381,0.0,5,163,0.0
plant_1,2020-06-11 06:00:00,554.908482145,21.869262716666665,21.006458016666667,0.018401740781216626,6,163,0.018401740781216626
plant_1,2020-06-11 07:00:00,2938.8772320775,22.273554324999996,24.035769315476188,0.08835739327142852,7,163,0.08835739327142852
plant_1,2020-06-11 08:00:00,6422.15312505,23.4075262,28.960121683333334,0.19355011783333329,8,163,0.19355011783333329
plant_1,2020-06-11 09:00:00,9281.66696435,24.411663926190474,32.80928360476191,0.27648252465476186,9,163,0.27648252465476186
plant_1,2020-06-11 10:00:00,12063.0950893,25.266601116666664,35.924667400000004,0.3660450811666667,10,163,0.3660450811666667
plant_1,2020-06-11 11:00:00,16460.245982125,26.567492651190477,40.45465890119047,0.5188194190357143,11,163,0.5188194190357143
plant_1,2020-06-11 12:00:00,17189.8758929,27.466146833333333,42.314748716666664,0.5472910138333332,12,163,0.5472910138333332
plant_1,2020-06-11 13:00:00,13628.22455355,27.918365460714284,39.61847077857143,0.43242682958333334,13,163,0.43242682958333334
plant_1,2020-06-11 14:00:00,17578.945982225,28.583396399999998,43.02808161666666,0.5636008111666666,14,163,0.5636008111666666
plant_1,2020-06-11 15:00:00,14656.357142875,28.480347441666666,40.425334054761905,0.4715987040833334,15,163,0.4715987040833334
plant_1,2020-06-11 16:00:00,8647.669196425,27.56247355,34.20432856666667,0.2742958811666666,16,163,0.2742958811666666
plant_1,2020-06-11 17:00:00,3595.7986607225,26.461340452380952,27.63071820357143,0.1146073834940476,17,163,0.1146073834940476
plant_1,2020-06-11 18:00:00,525.8973214272501,25.42377875,24.50555833333333,0.01794951076063332,18,163,0.01794951076063332
plant_1,2020-06-11 19:00:00,0.0,24.488889714285715,22.760087241666668,0.0,19,163,0.0
plant_1,2020-06-11 20:00:00,0.0,24.028420516666664,22.709218333333332,0.0,20,163,0.0
plant_1,2020-06-11 21:00:00,0.0,23.733483454761902,22.32604291666667,0.0,21,163,0.0
plant_1,2020-06-11 22:00:00,0.0,23.529424516666666,22.297038233333332,0.0,22,163,0.0
plant_1,2020-06-11 23:00:00,0.0,23.10866839761905,21.318999002380952,0.0,23,163,0.0
plant_1,2020-06-12 00:00:00,0.0,22.73296511666667,20.826138816666667,0.0,0,164,0.0
plant_1,2020-06-12 01:00:00,0.0,22.503370099999998,20.597662316666664,0.0,1,164,0.0
plant_1,2020-06-12 02:00:00,0.0,22.112153954761908,19.809947642857143,0.0,2,164,0.0
plant_1,2020-06-12 03:00:00,0.0,21.935560066666664,20.363659616666666,0.0,3,164,0.0
plant_1,2020-06-12 04:00:00,0.0,21.207211536904765,19.839463833333333,0.0,4,164,0.0
plant_1,2020-06-12 05:00:00,0.0,20.97530618333333,19.94784795,3.054787016665e-05,5,164,3.054787016665e-05
plant_1,2020-06-12 06:00:00,649.146875005,21.204113885714285,20.784369932142855,0.022397749931428526,6,164,0.022397749931428526
plant_1,2020-06-12 07:00:00,2262.571428545,21.87899125,23.279086266666667,0.07000617758333327,7,164,0.07000617758333327
plant_1,2020-06-12 08:00:00,6386.948214325,22.86823837142857,26.416740860714285,0.19635275482619047,8,164,0.19635275482619047
plant_1,2020-06-12 09:00:00,12252.843303599999,24.160982716666663,34.18779911666667,0.3871360715,9,164,0.3871360715
plant_1,2020-06-12 10:00:00,15273.406696525,25.27437393333333,37.5711939,0.47523355216666663,10,164,0.47523355216666663
plant_1,2020-06-12 11:00:00,18107.113839550002,25.786635447619048,39.33133492738095,0.5655293546190476,11,164,0.5655293546190476
plant_1,2020-06-12 12:00:00,17443.41562515,26.994655366666667,43.928805049999994,0.5645970471666667,12,164,0.5645970471666667
plant_1,2020-06-12 13:00:00,18163.8196428,27.63316981547619,42.95851310238095,0.5862300068928571,13,164,0.5862300068928571
plant_1,2020-06-12 14:00:00,15329.362946475001,28.428166749999995,42.22785031666667,0.5014357275,14,164,0.5014357275
plant_1,2020-06-12 15:00:00,11339.917857100001,28.014284216666667,37.09369973333334,0.36149809033333324,15,164,0.36149809033333324
plant_1,2020-06-12 16:00:00,5911.611607125,27.193767227380953,31.725922185714285,0.1871705016785714,16,164,0.1871705016785714
plant_1,2020-06-12 17:00:00,4019.62500005,26.49310765,29.16198683333333,0.13427443369999997,17,164,0.13427443369999997
plant_1,2020-06-12 18:00:00,682.6406250015,25.755933405952376,25.660721013095237,0.02349574911090475,18,164,0.02349574911090475
plant_1,2020-06-12 19:00:00,0.0,24.2223378,22.774534149999997,0.0,19,164,0.0
plant_1,2020-06-12 20:00:00,0.0,22.96686036904762,21.42827103809524,0.0,20,164,0.0
plant_1,2020-06-12 21:00:00,0.0,22.59302066666666,20.9935512,0.0,21,164,0.0
plant_1,2020-06-12 22:00:00,0.0,22.584700483333332,21.03625695,0.0,22,164,0.0
plant_1,2020-06-12 23:00:00,0.0,22.21718703095238,20.114653471428575,0.0,23,164,0.0
plant_1,2020-06-13 00:00:00,0.0,21.701989716666667,19.495899016666666,0.0,0,165,0.0
plant_1,2020-06-13 01:00:00,0.0,21.68842464761905,19.623036913095238,0.0,1,165,0.0
plant_1,2020-06-13 02:00:00,0.0,21.822737133333334,19.762785333333333,0.0,2,165,0.0
plant_1,2020-06-13 03:00:00,0.0,21.781371533333335,19.868782516666666,0.0,3,165,0.0
plant_1,2020-06-13 04:00:00,0.0,21.69727224642857,19.722943289285713,0.0,4,165,0.0
plant_1,2020-06-13 05:00:00,0.0,21.543674166666666,19.0950724,3.788455441665e-05,5,165,3.788455441665e-05
plant_1,2020-06-13 06:00:00,1136.936607131,21.272034783333332,19.21184407857143,0.0384122577863095,6,165,0.0384122577863095
plant_1,2020-06-13 07:00:00,6519.605803525,23.1917958,27.83526715,0.2518656206666666,7,165,0.2518656206666666
plant_1,2020-06-13 08:00:00,13890.1857143,25.419445270238093,38.712062025,0.4791953015357143,8,165,0.4791953015357143
plant_1,2020-06-13 09:00:00,17806.6915181,26.764800016666666,44.02969241666666,0.6189681961666667,9,165,0.6189681961666667
plant_1,2020-06-13 10:00:00,22417.38705315,27.988473895238094,48.33210565,0.7443630204880952,10,165,0.7443630204880952
plant_1,2020-06-13 11:00:00,26293.791964575,29.2146815,52.766694483333325,0.9127773248333332,11,165,0.9127773248333332
plant_1,2020-06-13 12:00:00,25740.473660675,29.62840785,52.8716558,0.9087373986666666,12,165,0.9087373986666666
plant_1,2020-06-13 13:00:00,18726.96205355,27.835066158333333,43.91590064642857,0.6149967932738095,13,165,0.6149967932738095
plant_1,2020-06-13 14:00:00,22933.938392775,26.7730265,46.322812883333334,0.7757860681666666,14,165,0.7757860681666666
plant_1,2020-06-13 15:00:00,18132.038392225,27.83805475952381,45.3850103797619,0.6130801912738094,15,165,0.6130801912738094
plant_1,2020-06-13 16:00:00,8396.755803525,27.133029666666665,35.93918756666666,0.27057432126666664,16,165,0.27057432126666664
plant_1,2020-06-13 17:00:00,3006.7325893425,25.961310349999998,28.668762166666664,0.09959299146666663,17,165,0.09959299146666663
plant_1,2020-06-13 18:00:00,506.66383928275,24.95196490595238,24.575008909523806,0.0189512714778809,18,165,0.0189512714778809
plant_1,2020-06-13 19:00:00,0.0,23.988856000000002,22.067519150000003,0.0,19,165,0.0
plant_1,2020-06-13 20:00:00,0.0,23.662334609523807,22.223281880952378,0.0,20,165,0.0
plant_1,2020-06-13 21:00:00,0.0,22.99429991666667,20.873369949999997,0.0,21,165,0.0
plant_1,2020-06-13 22:00:00,0.0,22.49749228452381,20.088200229761902,0.0,22,165,0.0
plant_1,2020-06-13 23:00:00,0.0,22.250949666666667,20.15772093333333,0.0,23,165,0.0
plant_1,2020-06-14 00:00:00,0.0,22.364489396428574,20.929689051190472,0.0,0,166,0.0
plant_1,2020-06-14 01:00:00,0.0,22.522592116666665,20.96172083333333,0.0,1,166,0.0
plant_1,2020-06-14 02:00:00,0.0,22.59330848333333,21.34575046666667,0.0,2,166,0.0
plant_1,2020-06-14 03:00:00,0.0,22.213901822619047,20.44610273452381,0.0,3,166,0.0
plant_1,2020-06-14 04:00:00,0.0,22.24291536666667,20.48833115,0.0,4,166,0.0
plant_1,2020-06-14 05:00:00,0.0,22.425866078571428,21.21107796904762,0.00012697346816665,5,166,0.00012697346816665
plant_1,2020-06-14 06:00:00,1127.83482140875,22.673936016666666,22.5474747,0.03927021215999995,6,166,0.03927021215999995
plant_1,2020-06-14 07:00:00,6836.839285775,23.539026454761906,27.99460284642857,0.2248918093023809,7,166,0.2248918093023809
plant_1,2020-06-14 08:00:00,9812.787499925,23.92623707261905,30.69432553214286,0.3150319813214285,8,166,0.3150319813214285
plant_1,2020-06-14 09:00:00,16365.016071349999,25.385868849999998,39.45294201666667,0.5309906034999999,9,166,0.5309906034999999
plant_1,2020-06-14 10:00:00,20554.06383935,26.335831154761905,41.428593069047615,0.6667824055357143,10,166,0.6667824055357143
plant_1,2020-06-14 11:00:00,17371.242410775,26.699971583333333,43.935606,0.5948154585,11,166,0.5948154585
plant_1,2020-06-14 12:00:00,14370.6017858,25.13180071190476,36.79865377857143,0.4847506312857142,12,166,0.4847506312857142
plant_1,2020-06-14 13:00:00,20411.994196475,26.239474983333334,42.76769806666667,0.7362318888333335,13,166,0.7362318888333335
plant_1,2020-06-14 14:00:00,20642.760714275,27.688987264285714,52.58246293214286,0.78646324,14,166,0.78646324
plant_1,2020-06-14 15:00:00,16711.580357075,27.223824583333332,43.08104865,0.5412266708333332,15,166,0.5412266708333332
plant_1,2020-06-14 16:00:00,8099.366071475,26.579945410714284,34.31413820595238,0.2599797173857143,16,166,0.2599797173857143
plant_1,2020-06-14 17:00:00,2699.0589285475,25.7598145,28.107562749999996,0.08749107396666665,17,166,0.08749107396666665
plant_1,2020-06-14 18:00:00,374.17767857275,25.09665415238095,24.65346915,0.014002664403833324,18,166,0.014002664403833324
plant_1,2020-06-14 19:00:00,0.0,24.473612483333334,23.046341433333332,0.0,19,166,0.0
plant_1,2020-06-14 20:00:00,0.0,23.930111683333333,22.554721083333334,0.0,20,166,0.0
plant_1,2020-06-14 21:00:00,0.0,23.858401570238094,22.933454108333333,0.0,21,166,0.0
plant_1,2020-06-14 22:00:00,0.0,23.60763445,21.96377408333333,0.0,22,166,0.0
plant_1,2020-06-14 23:00:00,0.0,23.39518747857143,21.881439001190476,0.0,23,166,0.0
plant_1,2020-06-15 00:00:00,0.0,23.17727401666667,22.4160075,0.0,0,167,0.0
plant_1,2020-06-15 01:00:00,0.0,22.683383729761903,21.862138829761907,0.0,1,167,0.0
plant_1,2020-06-15 02:00:00,0.0,22.07839958333333,20.950921666666666,0.0,2,167,0.0
plant_1,2020-06-15 03:00:00,0.0,22.139472383333334,21.214069185714287,0.0,3,167,0.0
plant_1,2020-06-15 04:00:00,0.0,21.752773066666663,20.757487983333334,0.0,4,167,0.0
plant_1,2020-06-15 05:00:00,0.0,21.457321683333333,19.974140916666663,0.000138091058833325,5,167,0.000138091058833325
plant_1,2020-06-15 06:00:00,1596.8004464045002,21.864438232142856,21.866377639285716,0.05340242310476185,6,167,0.05340242310476185
plant_1,2020-06-15 07:00:00,5313.6325893,23.327520749999998,27.728564483333336,0.17837619309999997,7,167,0.17837619309999997
plant_1,2020-06-15 08:00:00,15477.934821449999,25.43203509285714,40.25820238809524,0.5269713745357142,8,167,0.5269713745357142
plant_1,2020-06-15 09:00:00,18573.986607125,26.448857116666666,43.63112078333333,0.63095456,9,167,0.63095456
plant_1,2020-06-15 10:00:00,22049.1977683,27.585544560714286,47.14695884880952,0.7617215733214285,10,167,0.7617215733214285
plant_1,2020-06-15 11:00:00,18917.753125075,28.4831101,46.80040133333333,0.6443778265,11,167,0.6443778265
plant_1,2020-06-15 12:00:00,15093.7415177,28.692966716666668,42.4967612,0.5056802166666666,12,167,0.5056802166666666
plant_1,2020-06-15 13:00:00,12361.334821575001,28.603203098809523,41.174695952380944,0.40782484079761905,13,167,0.40782484079761905
plant_1,2020-06-15 14:00:00,14634.194643025001,27.346833866666667,38.91272168333333,0.45539307149999997,14,167,0.45539307149999997
plant_1,2020-06-15 15:00:00,13136.47812505,28.044850154761903,40.24195003452381,0.42675306820238096,15,167,0.42675306820238096
plant_1,2020-06-15 16:00:00,6383.350446475,27.397171016666665,33.26382648333333,0.2007640328333333,16,167,0.2007640328333333
plant_1,2020-06-15 17:00:00,4163.5575893,26.92583765,31.03985451666667,0.1345007618333333,17,167,0.1345007618333333
plant_1,2020-06-15 18:00:00,419.0035714245,26.042686801190477,26.302699702380952,0.015338376328333299,18,167,0.015338376328333299
plant_1,2020-06-15 19:00:00,0.0,23.049438016666663,21.76602726666667,5.017568066666667e-06,19,167,5.017568066666667e-06
plant_1,2020-06-15 20:00:00,0.0,23.362708494047617,22.209552420238097,0.0,20,167,0.0
plant_1,2020-06-15 21:00:00,0.0,23.037701316666666,21.173170449999997,0.0,21,167,0.0
plant_1,2020-06-15 22:00:00,0.0,23.300877503571428,22.095660177380953,0.0,22,167,0.0
plant_1,2020-06-15 23:00:00,0.0,23.623521433333337,22.98429001666667,0.0,23,167,0.0
plant_1,2020-06-16 00:00:00,0.0,22.819655816666668,21.487865683333332,0.0,0,168,0.0
plant_1,2020-06-16 01:00:00,0.0,22.677045014285714,21.159931083333333,0.0,1,168,0.0
plant_1,2020-06-16 02:00:00,0.0,22.599575816666665,21.715682966666666,0.0,2,168,0.0
plant_1,2020-06-16 03:00:00,0.0,22.44809547857143,21.156207827380953,0.0,3,168,0.0
plant_1,2020-06-16 04:00:00,0.0,22.5892745,21.692397616666668,0.0,4,168,0.0
plant_1,2020-06-16 05:00:00,0.0,22.602972416666667,21.779056333333333,1.122602905e-05,5,168,1.122602905e-05
plant_1,2020-06-16 06:00:00,1007.6312499967501,22.712142269047618,22.528300682142856,0.0338722054270833,6,168,0.0338722054270833
plant_1,2020-06-16 07:00:00,5485.895089325,23.447478733333334,27.176502,0.1833863181333333,7,168,0.1833863181333333
plant_1,2020-06-16 08:00:00,11403.921428574999,24.73534229047619,34.93801041309524,0.3733144428333333,8,168,0.3733144428333333
plant_1,2020-06-16 09:00:00,15462.96875,25.881101449999996,39.426921549999996,0.5148283631666667,9,168,0.5148283631666667
plant_1,2020-06-16 10:00:00,21218.446875424997,27.19592757857143,47.33734603571429,0.7038898375119047,10,168,0.7038898375119047
plant_1,2020-06-16 11:00:00,18009.6062496,27.977483183333337,47.303330116666665,0.6148964543333333,11,168,0.6148964543333333
plant_1,2020-06-16 12:00:00,12566.981696449999,27.883197851190474,41.74386970238095,0.40949925899999995,12,168,0.40949925899999995
plant_1,2020-06-16 13:00:00,14088.895089375,28.181815616666665,42.46433366666667,0.4535981916666667,13,168,0.4535981916666667
plant_1,2020-06-16 14:00:00,15113.261607075001,28.77689892142857,43.287313980952376,0.4946941069523809,14,168,0.4946941069523809
plant_1,2020-06-16 15:00:00,10940.11388895,28.149570699999998,38.320228033333336,0.3470823206666666,15,168,0.3470823206666666
plant_1,2020-06-16 16:00:00,7184.6205357,27.782330266666666,34.336136575,0.23613957660714283,16,168,0.23613957660714283
plant_1,2020-06-16 17:00:00,3301.30401781,26.632721516666667,28.817044116666665,0.10939043101666665,17,168,0.10939043101666665
plant_1,2020-06-16 18:00:00,593.0232142787501,25.51785120595238,24.724150036904764,0.020178637374047587,18,168,0.020178637374047587
plant_1,2020-06-16 19:00:00,0.0,24.601711483333336,22.94106293333333,0.0,19,168,0.0
plant_1,2020-06-16 20:00:00,0.0,23.775777633333334,21.432883200000003,0.0,20,168,0.0
plant_1,2020-06-16 21:00:00,0.0,23.438153320238097,21.46493974285714,0.0,21,168,0.0
plant_1,2020-06-16 22:00:00,0.0,22.936378949999998,20.77158915,0.0,22,168,0.0
plant_1,2020-06-16 23:00:00,0.0,22.93180405357143,21.328507840476192,0.0,23,168,0.0
plant_1,2020-06-17 00:00:00,0.0,22.846617083333335,21.3537969,0.0,0,169,0.0
plant_1,2020-06-17 01:00:00,0.0,22.70078012738095,21.291285702380954,0.0,1,169,0.0
plant_1,2020-06-17 02:00:00,0.0,22.669676716666665,21.595478783333334,0.0,2,169,0.0
plant_1,2020-06-17 03:00:00,0.0,22.807959297619043,22.40489265714286,0.0,3,169,0.0
plant_1,2020-06-17 04:00:00,0.0,22.6337062,21.78957065,0.0,4,169,0.0
plant_1,2020-06-17 05:00:00,0.0,22.145908099999996,21.368874599999998,0.0,5,169,0.0
plant_1,2020-06-17 06:00:00,441.624107143,22.015593156593408,21.877037258241756,0.02409500400321425,6,169,0.02409500400321425
plant_1,2020-06-17 07:00:00,5672.172767875,22.88926995,27.37764788333333,0.1832724854833333,7,169,0.1832724854833333
plant_1,2020-06-17 08:00:00,8210.82812495,24.123298365476188,31.94510546309524,0.25843967573809523,8,169,0.25843967573809523
plant_1,2020-06-17 09:00:00,12425.151339275,25.1595343,35.887899166666664,0.38853449083333336,9,169,0.38853449083333336
plant_1,2020-06-17 10:00:00,14456.520089275,26.073765203571426,39.44395437142857,0.4612407089166667,10,169,0.4612407089166667
plant_1,2020-06-17 11:00:00,18258.048214324997,27.000588,41.90951625,0.611262627,11,169,0.611262627
plant_1,2020-06-17 12:00:00,24023.68973255,28.7729528,51.182367366666675,0.8368484455,12,169,0.8368484455
plant_1,2020-06-17 13:00:00,18241.05714285,28.77205324404762,43.960901871428575,0.587629486095238,13,169,0.587629486095238
plant_1,2020-06-17 14:00:00,15344.71026785,28.689971966666665,42.2812987,0.4926753458333333,14,169,0.4926753458333333
plant_1,2020-06-17 15:00:00,4637.74910721,26.42654375357143,31.00547588928571,0.14068963479523808,15,169,0.14068963479523808
plant_1,2020-06-17 16:00:00,5294.725,24.049744599999997,27.60725191666667,0.15627379444999998,16,169,0.15627379444999998
plant_1,2020-06-17 17:00:00,2766.84794638,24.210150170887445,26.24752226601732,0.0866563529958874,17,169,0.0866563529958874
plant_1,2020-06-17 18:00:00,543.57232143,23.897948291666665,23.64455114047619,0.01810780976573806,18,169,0.01810780976573806
plant_1,2020-06-17 19:00:00,0.0,23.3677755,22.418034866666666,0.0,19,169,0.0
plant_1,2020-06-17 20:00:00,0.0,22.918253675,21.024839270238097,0.0,20,169,0.0
plant_1,2020-06-17 21:00:00,0.0,22.9815333,21.7355113,0.0,21,169,0.0
plant_1,2020-06-17 22:00:00,0.0,22.271178683333332,21.060298116666665,0.0,22,169,0.0
plant_1,2020-06-17 23:00:00,0.0,22.004218177380952,20.815292605952383,0.0,23,169,0.0
plant_2,2020-05-15 00:00:00,0.0,26.767054844540233,24.582656410919537,0.0,0,136,0.0
plant_2,2020-05-15 01:00:00,0.0,26.505909301724138,25.172108731034484,0.0,1,136,0.0
plant_2,2020-05-15 02:00:00,0.0,26.296562410057472,24.55551374827586,0.0,2,136,0.0
plant_2,2020-05-15 03:00:00,0.0,26.141690533908044,24.627654717241377,0.0,3,136,0.0
plant_2,2020-05-15 04:00:00,0.0,25.509472622290637,24.658229773706896,0.0,4,136,0.0
plant_2,2020-05-15 05:00:00,0.0,24.966925581896554,23.906986185919543,0.00070951362625,5,136,0.00070951362625
plant_2,2020-05-15 06:00:00,1376.1564285714287,24.835316366666664,24.6822418454023,0.04498273105390802,6,136,0.04498273105390802
plant_2,2020-05-15 07:00:00,9145.536904761906,26.32363677097701,31.549644434482758,0.3370788839913793,7,136,0.3370788839913793
plant_2,2020-05-15 08:00:00,14758.825476190475,28.369424680459765,37.96213487068965,0.5401636247442528,8,136,0.5401636247442528
plant_2,2020-05-15 09:00:00,19057.77869047619,30.41930731666666,43.70039951206897,0.7282678933160919,9,136,0.7282678933160919
plant_2,2020-05-15 10:00:00,17756.011904761905,32.64904476637931,48.051133037068965,0.8885846425747126,10,136,0.8885846425747126
plant_2,2020-05-15 11:00:00,17258.742023809522,34.3792081178161,54.54576035977012,0.9674060965143677,11,136,0.9674060965143677
plant_2,2020-05-15 12:00:00,17117.60142857143,35.875745016379305,57.92361523850575,0.9648589427787356,12,136,0.9648589427787356
plant_2,2020-05-15 13:00:00,17566.582976190475,36.72582925747126,56.84454132557472,0.8980464986522989,13,136,0.8980464986522989
plant_2,2020-05-15 14:00:00,17660.658333333333,37.17016487011494,52.26843980086207,0.7579463821408046,14,136,0.7579463821408046
plant_2,2020-05-15 15:00:00,16909.618095238096,36.89602410229885,47.205336685632176,0.5532990097327586,15,136,0.5532990097327586
plant_2,2020-05-15 16:00:00,10699.268214285714,36.474886304310346,42.05731890488506,0.3424348220402298,16,136,0.3424348220402298
plant_2,2020-05-15 17:00:00,3327.974642857143,35.392850151149425,36.50967177902298,0.1081916569965517,17,136,0.1081916569965517
plant_2,2020-05-15 18:00:00,224.67904761904762,33.74811736810344,32.096667521264365,0.007762987893432725,18,136,0.007762987893432725
plant_2,2020-05-15 19:00:00,0.0,31.994253260919542,29.560095475287355,0.0,19,136,0.0
plant_2,2020-05-15 20:00:00,0.0,30.96078337816092,28.171867269827583,3.010655439655e-05,20,136,3.010655439655e-05
plant_2,2020-05-15 21:00:00,0.0,28.928730953448273,27.938862231609193,0.0,21,136,0.0
plant_2,2020-05-15 22:00:00,0.0,28.257107916091954,26.860713091954022,0.0,22,136,0.0
plant_2,2020-05-15 23:00:00,0.0,27.139031601760625,25.47515863647145,0.0,23,136,0.0
plant_2,2020-05-16 00:00:00,0.0,26.63118066350575,24.63282443390805,0.0,0,137,0.0
plant_2,2020-05-16 01:00:00,0.0,26.14786519195402,24.14503010804598,0.0,1,137,0.0
plant_2,2020-05-16 02:00:00,0.0,25.30792489454023,23.192279374712644,0.0,2,137,0.0
plant_2,2020-05-16 03:00:00,0.0,24.476707020977013,22.073807958045975,0.0,3,137,0.0
plant_2,2020-05-16 04:00:00,0.0,23.93731509252873,21.819825835632184,0.0,4,137,0.0
plant_2,2020-05-16 05:00:00,0.0,23.64376012097701,21.354359981321842,0.000367908764,5,137,0.000367908764
plant_2,2020-05-16 06:00:00,1463.4284523809524,24.488327995114943,23.569068226149426,0.049175357920775827,6,137,0.049175357920775827
plant_2,2020-05-16 07:00:00,6448.071071428572,26.878127291666665,29.697413168390803,0.23648790087183913,7,137,0.23648790087183913
plant_2,2020-05-16 08:00:00,14129.9525,29.27775008362069,43.188546833045976,0.5148373138936782,8,137,0.5148373138936782
plant_2,2020-05-16 09:00:00,19790.406666666666,31.356260645402294,52.614723490517235,0.7263926339425287,9,137,0.7263926339425287
plant_2,2020-05-16 10:00:00,17107.199047619048,33.255594465517234,58.74669145287356,0.8626396116436782,10,137,0.8626396116436782
plant_2,2020-05-16 11:00:00,17344.349761904763,34.824630184770115,62.84997830775862,0.955209181295977,11,137,0.955209181295977
plant_2,2020-05-16 12:00:00,13877.232142857143,35.999811908620686,59.53829898132184,0.7006361842701148,12,137,0.7006361842701148
plant_2,2020-05-16 13:00:00,14994.970119047619,35.88621249022989,54.65864055201149,0.6685714245229885,13,137,0.6685714245229885
plant_2,2020-05-16 14:00:00,16065.674523809523,35.158295846551724,48.779589715804605,0.6524016848017241,14,137,0.6524016848017241
plant_2,2020-05-16 15:00:00,11362.159166666666,34.41113480689655,42.321948845977005,0.3631370673591954,15,137,0.3631370673591954
plant_2,2020-05-16 16:00:00,4923.641547619048,33.21914424798851,37.25218594252873,0.1563213533215517,16,137,0.1563213533215517
plant_2,2020-05-16 17:00:00,1052.1095238095238,31.287748216954025,30.642342499425283,0.03202555973764362,17,137,0.03202555973764362
plant_2,2020-05-16 18:00:00,4.170595238095238,29.343534447126437,26.19910447270115,0.000561636082761475,18,137,0.000561636082761475
plant_2,2020-05-16 19:00:00,0.0,29.860493117241383,28.503048024712644,0.0003783941691281583,19,137,0.0003783941691281583
plant_2,2020-05-16 20:00:00,0.0,28.383752887931035,27.097399408908053,0.0,20,137,0.0
plant_2,2020-05-16 21:00:00,0.0,28.466963809770114,26.864162889942527,0.0,21,137,0.0
plant_2,2020-05-16 22:00:00,0.0,28.22910178189655,27.266687889655174,0.0,22,137,0.0
plant_2,2020-05-16 23:00:00,0.0,27.015053370977007,26.431576924425286,0.0,23,137,0.0
plant_2,2020-05-17 00:00:00,0.0,26.057157681034482,24.954294771551723,0.0,0,138,0.0
plant_2,2020-05-17 01:00:00,0.0,25.369315144827585,23.553519669252875,0.0,1,138,0.0
plant_2,2020-05-17 02:00:00,0.0,24.435282672126434,22.127890823850578,0.0,2,138,0.0
plant_2,2020-05-17 03:00:00,0.0,24.14236402327586,22.082544433333332,0.0,3,138,0.0
plant_2,2020-05-17 04:00:00,0.0,24.657507652298847,23.161558972701147,1.1197060858333331e-05,4,138,1.1197060858333331e-05
plant_2,2020-05-17 05:00:00,0.0,24.687412416091952,23.102744380172414,2.3496763844827582e-05,5,138,2.3496763844827582e-05
plant_2,2020-05-17 06:00:00,567.3472619047618,25.047627615229885,24.309674456896552,0.020345673924080425,6,138,0.020345673924080425
plant_2,2020-05-17 07:00:00,3692.420357142857,26.534753045402297,28.590435852011492,0.11996992321120685,7,138,0.11996992321120685
plant_2,2020-05-17 08:00:00,13285.585595238095,29.35839642557471,42.74446732729886,0.46885442606609185,8,138,0.46885442606609185
plant_2,2020-05-17 09:00:00,17442.729047619046,31.04778758333333,48.6591020275862,0.6633044615287356,9,138,0.6633044615287356
plant_2,2020-05-17 10:00:00,15520.189047619047,32.52578689856322,50.15019534942529,0.6668502075718391,10,138,0.6668502075718391
plant_2,2020-05-17 11:00:00,13526.416547619046,33.761205697126435,48.83689366551724,0.5948765272011494,11,138,0.5948765272011494
plant_2,2020-05-17 12:00:00,17503.545,34.21890991178161,49.23511059109195,0.607318401612069,12,138,0.607318401612069
plant_2,2020-05-17 13:00:00,14933.610595238095,35.71828411235632,56.17623061609195,0.7511496296781609,13,138,0.7511496296781609
plant_2,2020-05-17 14:00:00,15329.867619047618,36.61635713390805,51.98339552931034,0.6473845409367817,14,138,0.6473845409367817
plant_2,2020-05-17 15:00:00,8776.644642857143,35.663304688793104,42.13832030862069,0.27704410415229885,15,138,0.27704410415229885
plant_2,2020-05-17 16:00:00,11319.9438003663,35.919488064814814,42.8133075074074,0.35402333207407394,16,138,0.35402333207407394
plant_2,2020-05-17 17:00:00,3410.154642857143,35.242389190804595,37.20280244310344,0.11120672402614938,17,138,0.11120672402614938
plant_2,2020-05-17 18:00:00,789.8010714285714,33.79136377672414,32.94870741954023,0.02465758992870685,18,138,0.02465758992870685
plant_2,2020-05-17 19:00:00,0.0,31.002932477298856,29.92823356695402,0.0,19,138,0.0
plant_2,2020-05-17 20:00:00,0.0,29.528737187643678,28.727755898563217,0.0,20,138,0.0
plant_2,2020-05-17 21:00:00,0.0,28.09577393908046,27.618230023563218,0.0,21,138,0.0
plant_2,2020-05-17 22:00:00,0.0,26.433198839942527,25.11329428189655,0.001156316314543075,22,138,0.001156316314543075
plant_2,2020-05-17 23:00:00,0.0,24.867290925287357,24.882835241954027,0.00022221190535055,23,138,0.00022221190535055
plant_2,2020-05-18 00:00:00,0.0,24.218127877873567,23.73652267643678,0.0,0,139,0.0
plant_2,2020-05-18 01:00:00,0.0,25.478123242528735,24.589958570689657,0.0,1,139,0.0
plant_2,2020-05-18 02:00:00,0.0,24.852001189367815,24.81534349770115,0.0,2,139,0.0
plant_2,2020-05-18 03:00:00,0.0,24.772977652586206,24.407783630747126,3.192229678160919e-05,3,139,3.192229678160919e-05
plant_2,2020-05-18 04:00:00,0.0,22.275082941954025,22.01598272270115,7.709379521665e-05,4,139,7.709379521665e-05
plant_2,2020-05-18 05:00:00,0.0,21.35844896034483,21.1806569841954,6.949939163793102e-06,5,139,6.949939163793102e-06
plant_2,2020-05-18 06:00:00,0.0,21.86668776867816,21.225791750287353,0.001526716593856,6,139,0.001526716593856
plant_2,2020-05-18 07:00:00,560.1733333333334,22.76378236465517,22.00621331781609,0.01942963168160915,7,139,0.01942963168160915
plant_2,2020-05-18 08:00:00,7976.833809523809,24.781814083620688,28.702566202586205,0.25169166867931037,8,139,0.25169166867931037
plant_2,2020-05-18 09:00:00,15253.700357142858,27.151274472413792,37.387678665229885,0.5443857306465517,9,139,0.5443857306465517
plant_2,2020-05-18 10:00:00,13666.079642857143,28.149675950287357,39.45058857816092,0.5649784911609195,10,139,0.5649784911609195
plant_2,2020-05-18 11:00:00,16897.657976190476,29.36219872212644,44.81486569856322,0.7523349639712643,11,139,0.7523349639712643
plant_2,2020-05-18 12:00:00,16110.467976190475,30.396107962068964,49.042969565229875,0.8283207015316092,12,139,0.8283207015316092
plant_2,2020-05-18 13:00:00,15531.089166666667,31.615798626436785,49.09049890804597,0.8063493197327585,13,139,0.8063493197327585
plant_2,2020-05-18 14:00:00,16697.927023809523,33.110959745689655,50.198058029310346,0.720863695704023,14,139,0.720863695704023
plant_2,2020-05-18 15:00:00,13293.605952380953,33.65914666896552,44.81929476494252,0.44915767814080465,15,139,0.44915767814080465
plant_2,2020-05-18 16:00:00,9839.00107142857,33.553339800287354,40.47304616063218,0.30944061093678155,16,139,0.30944061093678155
plant_2,2020-05-18 17:00:00,3476.207976190476,31.7155119795977,33.43189843620689,0.1098477281623563,17,139,0.1098477281623563
plant_2,2020-05-18 18:00:00,450.39702380952383,30.43552587356322,29.426926060919534,0.015502175458649393,18,139,0.015502175458649393
plant_2,2020-05-18 19:00:00,0.0,28.58597001781609,27.675259352586206,0.0,19,139,0.0
plant_2,2020-05-18 20:00:00,0.0,27.444929970689657,26.214119163793104,0.0,20,139,0.0
plant_2,2020-05-18 21:00:00,0.0,26.632861881609195,24.801750521264367,0.0,21,139,0.0
plant_2,2020-05-18 22:00:00,0.0,26.074063168965516,24.74555182672414,0.0,22,139,0.0
plant_2,2020-05-18 23:00:00,0.0,25.82624464137931,24.58081104626437,0.0,23,139,0.0
plant_2,2020-05-19 00:00:00,0.0,25.70863475086207,24.467074146551724,0.0,0,140,0.0
plant_2,2020-05-19 01:00:00,0.0,25.438344241379312,24.010364004597704,0.0,1,140,0.0
plant_2,2020-05-19 02:00:00,0.0,25.209647835919537,23.763555606034483,0.0,2,140,0.0
plant_2,2020-05-19 03:00:00,0.0,25.127249135632184,23.851178463793104,0.0,3,140,0.0
plant_2,2020-05-19 04:00:00,0.0,25.10272455344827,23.96265691810345,0.0,4,140,0.0
plant_2,2020-05-19 05:00:00,0.0,24.92655847672414,23.671107075862068,8.8686151724125e-05,5,140,8.8686151724125e-05
plant_2,2020-05-19 06:00:00,1382.952619047619,24.897131938793105,24.616528558620693,0.04647728742393675,6,140,0.04647728742393675
plant_2,2020-05-19 07:00:00,7476.874404761905,25.92675043275862,29.922297507183913,0.2597220483821839,7,140,0.2597220483821839
plant_2,2020-05-19 08:00:00,9298.863095238095,26.701240546551723,32.547745210919544,0.31418957157471267,8,140,0.31418957157471267
plant_2,2020-05-19 09:00:00,9298.71261904762,27.350022533620688,33.71629534195403,0.307355591979885,9,140,0.307355591979885
plant_2,2020-05-19 10:00:00,10779.14380952381,29.211449133045974,42.42830982643678,0.6763218662011494,10,140,0.6763218662011494
plant_2,2020-05-19 11:00:00,15652.919166666667,31.210253485919537,50.407021540517235,0.9464582776551722,11,140,0.9464582776551722
plant_2,2020-05-19 12:00:00,15627.39130952381,32.51915267183908,51.792209887068964,0.89212197725,12,140,0.89212197725
plant_2,2020-05-19 13:00:00,15965.529285714285,33.49235024396552,51.350157715229884,0.8010326513160919,13,140,0.8010326513160919
plant_2,2020-05-19 14:00:00,15804.095238095239,34.33182278965518,49.18193725028736,0.6150272853448275,14,140,0.6150272853448275
plant_2,2020-05-19 15:00:00,6131.086346153846,29.660101222475365,34.09505112233169,0.1859875400586309,15,140,0.1859875400586309
plant_2,2020-05-19 16:00:00,1078.0487698412699,23.542862149233716,21.762766000957853,0.03510046022777777,16,140,0.03510046022777777
plant_2,2020-05-19 17:00:00,149.62,23.3906906045977,21.967816944827586,0.008200073832442475,17,140,0.008200073832442475
plant_2,2020-05-19 18:00:00,12.956190476190477,23.135593995977008,21.61369444827586,0.004263273759396525,18,140,0.004263273759396525
plant_2,2020-05-19 19:00:00,0.0,22.669023025,21.11476106178161,0.0006590255419540006,19,140,0.0006590255419540006
plant_2,2020-05-19 20:00:00,0.0,24.049062805459766,22.513355123850577,0.00200902456120395,20,140,0.00200902456120395
plant_2,2020-05-19 21:00:00,0.0,24.20521849597701,23.17130937557471,9.062579973389167e-05,21,140,9.062579973389167e-05
plant_2,2020-05-19 22:00:00,0.0,24.16295921389573,23.054280450738915,0.0,22,140,0.0
plant_2,2020-05-19 23:00:00,0.0,23.30752526695402,21.47870292988506,0.0,23,140,0.0
plant_2,2020-05-20 00:00:00,0.0,23.95994199224138,21.98624781695402,4.246119337354655e-05,0,141,4.246119337354655e-05
plant_2,2020-05-20 01:00:00,0.0,24.446259190517242,22.691318456896546,0.0,1,141,0.0
plant_2,2020-05-20 02:00:00,0.0,24.30551317902299,22.517713279310343,0.0,2,141,0.0
plant_2,2020-05-20 03:00:00,0.0,23.929577677586202,22.294669909195402,0.0,3,141,0.0
plant_2,2020-05-20 04:00:00,0.0,24.087575845977014,22.7579346295977,8.273628068965517e-06,4,141,8.273628068965517e-06
plant_2,2020-05-20 05:00:00,0.0,23.842045314655174,22.119149703160918,0.0001183679768,5,141,0.0001183679768
plant_2,2020-05-20 06:00:00,697.1953571428571,23.760435139080457,22.979005422988504,0.04523666558821835,6,141,0.04523666558821835
plant_2,2020-05-20 07:00:00,3587.765,24.74599372873563,28.160722891379308,0.23144749231120687,7,141,0.23144749231120687
plant_2,2020-05-20 08:00:00,7107.720238095238,26.284628586494254,34.85121763045978,0.4453529406609195,8,141,0.4453529406609195
plant_2,2020-05-20 09:00:00,8775.18738095238,27.936638645114947,41.24608244367816,0.6359373358333333,9,141,0.6359373358333333
plant_2,2020-05-20 10:00:00,5074.558214285715,29.257386013793102,46.3345765979885,0.8432540555718391,10,141,0.8432540555718391
plant_2,2020-05-20 11:00:00,3695.5,30.772433752873564,50.40092835143679,0.8938571728505748,11,141,0.8938571728505748
plant_2,2020-05-20 12:00:00,5188.2575,31.96463612356322,52.09817373620689,0.903791150683908,12,141,0.903791150683908
plant_2,2020-05-20 13:00:00,4802.3405952380945,33.20156689626437,52.76436918275862,0.8614138424396551,13,141,0.8614138424396551
plant_2,2020-05-20 14:00:00,13178.8675,34.17968009808429,51.72361301647509,0.7616013031867814,14,141,0.7616013031867814
plant_2,2020-05-20 15:00:00,18242.599523809524,34.868053856321836,48.73364913793103,0.5851405647442529,15,141,0.5851405647442529
plant_2,2020-05-20 16:00:00,9589.955595238096,34.262763771551725,41.026028672413794,0.2949836440344827,16,141,0.2949836440344827
plant_2,2020-05-20 17:00:00,5305.0216666666665,33.23909057931034,36.01887821034483,0.16472870753189647,17,141,0.16472870753189647
plant_2,2020-05-20 18:00:00,920.3829761904761,31.323848673563223,30.70175926810345,0.02980368552888215,18,141,0.02980368552888215
plant_2,2020-05-20 19:00:00,0.0,29.578609095689654,27.8071214408046,0.0,19,141,0.0
plant_2,2020-05-20 20:00:00,0.0,28.129701006321838,26.80849217902299,0.0,20,141,0.0
plant_2,2020-05-20 21:00:00,0.0,27.402615720114945,25.97991077327586,0.0,21,141,0.0
plant_2,2020-05-20 22:00:00,0.0,26.43583743362069,24.854607740804596,0.0,22,141,0.0
plant_2,2020-05-20 23:00:00,0.0,25.6775508637931,23.540534939942532,0.0,23,141,0.0
plant_2,2020-05-21 00:00:00,0.0,25.041684792241377,23.067147739367815,0.0,0,142,0.0
plant_2,2020-05-21 01:00:00,0.0,24.515918562643677,22.450930723850576,0.0,1,142,0.0
plant_2,2020-05-21 02:00:00,0.0,23.95503009827586,22.136141294827585,0.0,2,142,0.0
plant_2,2020-05-21 03:00:00,0.0,23.62613537586207,22.051640469827586,0.0,3,142,0.0
plant_2,2020-05-21 04:00:00,0.0,23.594191226724135,22.0256041204023,0.0,4,142,0.0
plant_2,2020-05-21 05:00:00,0.0,23.732955490229884,21.939647270977012,0.000104293936633325,5,142,0.000104293936633325
plant_2,2020-05-21 06:00:00,1197.1675,23.942883575287357,22.559303715229884,0.04866877507471262,6,142,0.04866877507471262
plant_2,2020-05-21 07:00:00,5090.203214285714,25.40021005948276,28.900048800862066,0.23384891155660914,7,142,0.23384891155660914
plant_2,2020-05-21 08:00:00,10301.335,27.230084199999997,36.71326411522988,0.46327629416379307,8,142,0.46327629416379307
plant_2,2020-05-21 09:00:00,11985.65011904762,29.12938233678161,44.040535284770115,0.6655133360977011,9,142,0.6655133360977011
plant_2,2020-05-21 10:00:00,7279.5935714285715,30.73498309310345,51.69515996522988,0.8417500522902299,10,142,0.8417500522902299
plant_2,2020-05-21 11:00:00,11479.799880952381,31.86840281925288,53.257789933333335,0.9146640874367816,11,142,0.9146640874367816
plant_2,2020-05-21 12:00:00,11525.630119047619,33.58202024827586,56.9616558663793,0.9252676220459769,12,142,0.9252676220459769
plant_2,2020-05-21 13:00:00,15560.072261904763,34.380491761781606,56.35225836408046,0.8692071140689654,13,142,0.8692071140689654
plant_2,2020-05-21 14:00:00,18514.403214285714,35.319677811206894,55.054968739367816,0.7569268180402298,14,142,0.7569268180402298
plant_2,2020-05-21 15:00:00,13757.44738095238,35.62809694626437,49.33581385316092,0.5380840493275862,15,142,0.5380840493275862
plant_2,2020-05-21 16:00:00,9324.897619047619,35.8056274933908,44.396367663218385,0.35566347735057474,16,142,0.35566347735057474
plant_2,2020-05-21 17:00:00,4203.791904761904,35.04476125287357,38.07534302155173,0.16254760432011492,17,142,0.16254760432011492
plant_2,2020-05-21 18:00:00,535.3492857142858,32.86630674942529,31.434754541666667,0.02227378317192815,18,142,0.02227378317192815
plant_2,2020-05-21 19:00:00,0.0,31.09001190143678,28.936476851436783,0.0,19,142,0.0
plant_2,2020-05-21 20:00:00,0.0,29.331916960919543,27.51726231637931,0.0,20,142,0.0
plant_2,2020-05-21 21:00:00,0.0,28.000918597988505,26.281971052873565,0.0,21,142,0.0
plant_2,2020-05-21 22:00:00,0.0,27.139252011206892,25.22284410172414,0.0,22,142,0.0
plant_2,2020-05-21 23:00:00,0.0,26.37011018333333,24.380208631321835,0.0,23,142,0.0
plant_2,2020-05-22 00:00:00,0.0,25.737629044827585,24.017968789367814,0.0,0,143,0.0
plant_2,2020-05-22 01:00:00,0.0,24.997721300000002,23.215095075574716,0.0,1,143,0.0
plant_2,2020-05-22 02:00:00,0.0,24.584525385632183,22.74899610143678,0.0,2,143,0.0
plant_2,2020-05-22 03:00:00,0.0,24.109374877011494,22.318204149712642,0.0,3,143,0.0
plant_2,2020-05-22 04:00:00,0.0,23.59887448908046,21.89074839137931,0.0,4,143,0.0
plant_2,2020-05-22 05:00:00,0.8833333333333333,23.302523422413795,21.325542039367814,0.000462604807249975,5,143,0.000462604807249975
plant_2,2020-05-22 06:00:00,1496.9453571428571,23.66522095057471,22.25006686465517,0.056006102292241344,6,143,0.056006102292241344
plant_2,2020-05-22 07:00:00,5898.092380952381,25.603517543390808,30.024847748563218,0.2735581817528735,7,143,0.2735581817528735
plant_2,2020-05-22 08:00:00,11544.568214285715,27.678156728735633,37.92680570229885,0.5016971141925287,8,143,0.5016971141925287
plant_2,2020-05-22 09:00:00,12492.567023809523,29.505034291954022,48.05103572356322,0.7319546369827585,9,143,0.7319546369827585
plant_2,2020-05-22 10:00:00,12230.391547619049,31.20124073132184,55.69032351810345,0.8894124080114942,10,143,0.8894124080114942
plant_2,2020-05-22 11:00:00,12417.686071428572,32.48268805431034,58.656824758620694,0.9489018215258621,11,143,0.9489018215258621
plant_2,2020-05-22 12:00:00,12525.894166666667,33.986594491666665,61.77629503563219,0.9327338484137931,12,143,0.9327338484137931
plant_2,2020-05-22 13:00:00,12405.241831501831,35.01621375344827,63.04258891293103,0.8835316998247126,13,143,0.8835316998247126
plant_2,2020-05-22 14:00:00,13200.532023809525,35.84694644482758,60.67049043247127,0.7754186861063218,14,143,0.7754186861063218
plant_2,2020-05-22 15:00:00,14051.115952380951,36.43468175229884,54.051786212356326,0.5893762129856321,15,143,0.5893762129856321
plant_2,2020-05-22 16:00:00,9355.956547619047,36.7930942887931,46.866646984482756,0.37795294546839076,16,143,0.37795294546839076
plant_2,2020-05-22 17:00:00,3984.457857142857,36.502759793103436,39.67339706580459,0.1626082490017241,17,143,0.1626082490017241
plant_2,2020-05-22 18:00:00,248.6529761904762,33.54469348534483,31.3580726183908,0.010346252584939616,18,143,0.010346252584939616
plant_2,2020-05-22 19:00:00,0.0,31.847727229310344,29.38160690229885,0.0,19,143,0.0
plant_2,2020-05-22 20:00:00,0.0,30.13938537557471,28.21627342873563,0.0,20,143,0.0
plant_2,2020-05-22 21:00:00,0.0,29.359579803735635,27.404393258908044,0.0,21,143,0.0
plant_2,2020-05-22 22:00:00,0.0,28.25768260316092,25.972231062068964,0.0,22,143,0.0
plant_2,2020-05-22 23:00:00,0.0,27.369712224137928,25.423055153160917,0.0,23,143,0.0
plant_2,2020-05-23 00:00:00,0.0,26.373870735919542,24.44550662701149,0.0,0,144,0.0
plant_2,2020-05-23 01:00:00,0.0,25.835025097701152,24.100940863793106,0.0,1,144,0.0
plant_2,2020-05-23 02:00:00,0.0,25.538732356609195,23.9674186316092,0.0,2,144,0.0
plant_2,2020-05-23 03:00:00,0.0,24.913745460057473,22.682744260919538,0.0,3,144,0.0
plant_2,2020-05-23 04:00:00,0.0,24.330549308908047,21.93535894051724,0.0,4,144,0.0
plant_2,2020-05-23 05:00:00,0.0,23.848136999425286,21.79930862212644,0.000359589534833325,5,144,0.000359589534833325
plant_2,2020-05-23 06:00:00,1244.8270238095238,24.328771833333334,22.892841917816096,0.04888331257201148,6,144,0.04888331257201148
plant_2,2020-05-23 07:00:00,5452.821547619047,26.430178745977013,30.224067255172415,0.2751546588505747,7,144,0.2751546588505747
plant_2,2020-05-23 08:00:00,10968.189761904761,28.93606557729885,41.945976201724136,0.5101137652528736,8,144,0.5101137652528736
plant_2,2020-05-23 09:00:00,13508.730833333333,31.29867714597701,50.25772601637931,0.7226544230172414,9,144,0.7226544230172414
plant_2,2020-05-23 10:00:00,12414.843333333332,33.16118291091954,55.303178734770114,0.8765772236350573,10,144,0.8765772236350573
plant_2,2020-05-23 11:00:00,12418.100952380953,34.08608046695403,57.15368445316092,0.947519010612069,11,144,0.947519010612069
plant_2,2020-05-23 12:00:00,12740.478095238095,35.1736183479885,58.926582890804596,0.9188181049137931,12,144,0.9188181049137931
plant_2,2020-05-23 13:00:00,13130.281904761905,36.36531348850575,57.047868015804596,0.8613151015833334,13,144,0.8613151015833334
plant_2,2020-05-23 14:00:00,13548.800119047619,37.50225972873562,56.97590893850574,0.7634639039741379,14,144,0.7634639039741379
plant_2,2020-05-23 15:00:00,13708.490476190476,37.85860403908046,53.663368061206896,0.578923617255747,15,144,0.578923617255747
plant_2,2020-05-23 16:00:00,9013.40011904762,38.03042174109195,47.55295420344827,0.36219123429022987,16,144,0.36219123429022987
plant_2,2020-05-23 17:00:00,3974.4836904761905,37.73244656293104,41.121525789655166,0.15367997174999995,17,144,0.15367997174999995
plant_2,2020-05-23 18:00:00,489.1797619047619,35.02693686580459,33.195104551724135,0.020341224811178126,18,144,0.020341224811178126
plant_2,2020-05-23 19:00:00,0.0,33.485924626724135,30.95449399597701,0.0,19,144,0.0
plant_2,2020-05-23 20:00:00,0.0,31.294517282758626,29.887170092241377,0.0,20,144,0.0
plant_2,2020-05-23 21:00:00,0.0,29.170508068965518,27.942212486494252,0.0,21,144,0.0
plant_2,2020-05-23 22:00:00,0.0,27.789924395114944,26.236191533333333,0.0,22,144,0.0
plant_2,2020-05-23 23:00:00,0.0,27.078883531609193,25.626669359482758,0.0,23,144,0.0
plant_2,2020-05-24 00:00:00,0.0,26.12610575929119,24.266325027905488,0.0,0,145,0.0
plant_2,2020-05-24 01:00:00,0.0,25.762409996551728,24.392647165517243,0.0,1,145,0.0
plant_2,2020-05-24 02:00:00,0.0,25.82681411810345,25.425734387931037,0.0,2,145,0.0
plant_2,2020-05-24 03:00:00,0.0,25.677096713793105,24.795796480172413,0.0,3,145,0.0
plant_2,2020-05-24 04:00:00,0.0,25.283822982471264,23.381335188793102,0.0,4,145,0.0
plant_2,2020-05-24 05:00:00,0.0,25.08176200948276,23.215793125000005,0.000333646985583325,5,145,0.000333646985583325
plant_2,2020-05-24 06:00:00,1295.7171428571428,25.414160699425288,24.65419299367816,0.0524536704907758,6,145,0.0524536704907758
plant_2,2020-05-24 07:00:00,5315.378571428571,27.000483640804596,30.933628185057472,0.24658356042413793,7,145,0.24658356042413793
plant_2,2020-05-24 08:00:00,11059.738928571429,28.915177941091958,39.67110371436782,0.4804508799827586,8,145,0.4804508799827586
plant_2,2020-05-24 09:00:00,14500.805476190475,30.886964553448276,49.21111476896552,0.6949713875517242,9,145,0.6949713875517242
plant_2,2020-05-24 10:00:00,12254.224642857143,32.606127998850575,55.19787270086207,0.857159628617816,10,145,0.857159628617816
plant_2,2020-05-24 11:00:00,10432.877738095238,33.75942441178161,56.6960497841954,0.923619208663793,11,145,0.923619208663793
plant_2,2020-05-24 12:00:00,10378.887619047619,35.00936692327586,57.632829402873554,0.9019959537787355,12,145,0.9019959537787355
plant_2,2020-05-24 13:00:00,11387.430952380952,35.98193558534483,57.54796373706896,0.8568749424224138,13,145,0.8568749424224138
plant_2,2020-05-24 14:00:00,12990.710357142856,37.10639604166667,56.66075400459769,0.7470768980689655,14,145,0.7470768980689655
plant_2,2020-05-24 15:00:00,14118.893452380951,37.669624365229886,52.45383768247126,0.565160184347701,15,145,0.565160184347701
plant_2,2020-05-24 16:00:00,9215.350952380952,38.66005467672413,48.32337957442529,0.35726079774999997,16,145,0.35726079774999997
plant_2,2020-05-24 17:00:00,3674.0190476190473,38.545385164367815,41.043972049425285,0.15054274428678155,17,145,0.15054274428678155
plant_2,2020-05-24 18:00:00,528.324880952381,35.607951547988506,33.82628132241379,0.0220275705073304,18,145,0.0220275705073304
plant_2,2020-05-24 19:00:00,0.0,33.16339754597701,31.382468157471262,0.0,19,145,0.0
plant_2,2020-05-24 20:00:00,0.0,30.90248873591954,29.608418431896553,0.0,20,145,0.0
plant_2,2020-05-24 21:00:00,0.0,29.326582175,28.134034386206896,0.0,21,145,0.0
plant_2,2020-05-24 22:00:00,0.0,28.006027750574713,26.7316342,0.0,22,145,0.0
plant_2,2020-05-24 23:00:00,0.0,27.023075198275862,25.610065695689652,0.0,23,145,0.0
plant_2,2020-05-25 00:00:00,0.0,26.426196345977008,24.97139319310345,0.0,0,146,0.0
plant_2,2020-05-25 01:00:00,0.0,25.859943614655172,24.221125395689654,0.0,1,146,0.0
plant_2,2020-05-25 02:00:00,0.0,25.546015049425286,23.97908841551724,0.0,2,146,0.0
plant_2,2020-05-25 03:00:00,0.0,25.498895164367816,24.138073637068963,0.0,3,146,0.0
plant_2,2020-05-25 04:00:00,0.0,25.267780514942526,23.66351597068965,0.0,4,146,0.0
plant_2,2020-05-25 05:00:00,0.0,25.176958908045975,23.894653310632187,0.00046641656491665,5,146,0.00046641656491665
plant_2,2020-05-25 06:00:00,1432.0774999999999,25.57080018333333,25.401562408908045,0.0612221834238218,6,146,0.0612221834238218
plant_2,2020-05-25 07:00:00,5367.757619047619,27.399984297126434,31.80838463678161,0.24857049168103446,7,146,0.24857049168103446
plant_2,2020-05-25 08:00:00,10408.32261904762,28.758197366379306,37.620138097988516,0.4523369725689655,8,146,0.4523369725689655
plant_2,2020-05-25 09:00:00,14905.888928571429,30.19812726293103,45.064411099137935,0.6730009832413794,9,146,0.6730009832413794
plant_2,2020-05-25 10:00:00,16660.184404761905,31.74770793965517,50.940570133620696,0.8072469492011494,10,146,0.8072469492011494
plant_2,2020-05-25 11:00:00,16834.21523809524,33.191455070689656,53.69172377816092,0.8898624796580459,11,146,0.8898624796580459
plant_2,2020-05-25 12:00:00,17141.302142857145,34.33414370632184,56.2108369729885,0.9031912223649425,12,146,0.9031912223649425
plant_2,2020-05-25 13:00:00,17068.585119047617,35.596367032471264,57.2256823091954,0.8577277554741379,13,146,0.8577277554741379
plant_2,2020-05-25 14:00:00,17309.337023809523,36.608970789655174,56.32859460948276,0.7462079617413794,14,146,0.7462079617413794
plant_2,2020-05-25 15:00:00,14262.987738095238,37.300918368103446,52.33670273103448,0.5690409627729884,15,146,0.5690409627729884
plant_2,2020-05-25 16:00:00,8839.723452380951,37.60846643247126,47.46817436321839,0.3481653153477011,16,146,0.3481653153477011
plant_2,2020-05-25 17:00:00,2102.0508333333337,36.30214731465518,37.75287686522989,0.07830687050933904,17,146,0.07830687050933904
plant_2,2020-05-25 18:00:00,61.631904761904764,34.67198830517241,32.4592861933908,0.003884717606298775,18,146,0.003884717606298775
plant_2,2020-05-25 19:00:00,0.0,33.91764728132184,31.46518587672414,0.0,19,146,0.0
plant_2,2020-05-25 20:00:00,0.0,33.54830142413793,31.286460462068966,0.0,20,146,0.0
plant_2,2020-05-25 21:00:00,0.0,31.310573522701148,30.266078666091957,0.0,21,146,0.0
plant_2,2020-05-25 22:00:00,0.0,29.598818833045982,28.50154472471264,0.0,22,146,0.0
plant_2,2020-05-25 23:00:00,0.0,28.201885447988506,26.91291989281609,0.0,23,146,0.0
plant_2,2020-05-26 00:00:00,0.0,27.269563089080464,27.03701581264368,0.0,0,147,0.0
plant_2,2020-05-26 01:00:00,0.0,24.31804195632184,24.098591784482757,0.0,1,147,0.0
plant_2,2020-05-26 02:00:00,0.0,24.538287111206895,23.652458147988504,0.0,2,147,0.0
plant_2,2020-05-26 03:00:00,0.0,25.08549892586207,23.927787286206897,0.0,3,147,0.0
plant_2,2020-05-26 04:00:00,0.0,24.3449396158046,22.292705929885056,0.0,4,147,0.0
plant_2,2020-05-26 05:00:00,0.0,23.815267735632183,21.40443207126437,0.00035544171706895,5,147,0.00035544171706895
plant_2,2020-05-26 06:00:00,1294.7821428571428,23.777313902873562,22.844360052011496,0.05068821044775858,6,147,0.05068821044775858
plant_2,2020-05-26 07:00:00,5511.892738095237,26.764722616666667,32.09714022816092,0.2610394822183908,7,147,0.2610394822183908
plant_2,2020-05-26 08:00:00,11215.93761904762,29.054501231896552,41.82514699913793,0.4912470128908045,8,147,0.4912470128908045
plant_2,2020-05-26 09:00:00,15695.64488095238,30.458565004597702,46.55942884568965,0.7025060709971265,9,147,0.7025060709971265
plant_2,2020-05-26 10:00:00,16480.77357142857,32.02921026264367,51.20563734137931,0.8534733302183908,10,147,0.8534733302183908
plant_2,2020-05-26 11:00:00,16485.300833333335,33.31181711465518,53.313419607758625,0.9207242004454024,11,147,0.9207242004454024
plant_2,2020-05-26 12:00:00,15782.75,34.59639214568966,54.79934596235632,0.9014474478218389,12,147,0.9014474478218389
plant_2,2020-05-26 13:00:00,15828.074523809524,35.1053194724138,53.2617519908046,0.8032177645316092,13,147,0.8032177645316092
plant_2,2020-05-26 14:00:00,16532.46880952381,35.62505140862069,52.65277499827586,0.7385845212068967,14,147,0.7385845212068967
plant_2,2020-05-26 15:00:00,13778.583214285714,35.74636205287356,49.20588192643678,0.5784047462011493,15,147,0.5784047462011493
plant_2,2020-05-26 16:00:00,9336.055476190477,36.0596787,45.00197140862068,0.3839832889080459,16,147,0.3839832889080459
plant_2,2020-05-26 17:00:00,2484.548333333333,34.8638500841954,37.257017751724135,0.10314827231810339,17,147,0.10314827231810339
plant_2,2020-05-26 18:00:00,443.9960714285714,33.487611908333335,32.66653989137931,0.0198486924148448,18,147,0.0198486924148448
plant_2,2020-05-26 19:00:00,0.0,32.169986356034485,30.55757157413793,0.0,19,147,0.0
plant_2,2020-05-26 20:00:00,0.0,31.029442482471268,29.646816858908046,0.0,20,147,0.0
plant_2,2020-05-26 21:00:00,0.0,30.122365014080458,28.762791415517245,0.0,21,147,0.0
plant_2,2020-05-26 22:00:00,0.0,29.060413584770117,27.776650523850574,0.0,22,147,0.0
plant_2,2020-05-26 23:00:00,0.0,28.037635280172413,26.846787201436786,0.0,23,147,0.0
plant_2,2020-05-27 00:00:00,0.0,27.28375773477012,25.958076281609195,0.0,0,148,0.0
plant_2,2020-05-27 01:00:00,0.0,26.450205375287354,25.50168679396552,0.0,1,148,0.0
plant_2,2020-05-27 02:00:00,0.0,26.330525014080457,25.74136289425288,0.0,2,148,0.0
plant_2,2020-05-27 03:00:00,0.0,26.188653078448272,25.415227137356318,0.0,3,148,0.0
plant_2,2020-05-27 04:00:00,0.0,25.714242406609195,24.48828178850575,0.0,4,148,0.0
plant_2,2020-05-27 05:00:00,0.0,25.71187353275862,24.76184662097701,0.00027574763260831666,5,148,0.00027574763260831666
plant_2,2020-05-27 06:00:00,1097.8195238095236,25.903523318103446,25.90769961494253,0.04842641205919537,6,148,0.04842641205919537
plant_2,2020-05-27 07:00:00,4865.009166666667,26.940213660344824,30.82986895287356,0.23966787585459767,7,148,0.23966787585459767
plant_2,2020-05-27 08:00:00,10295.843214285715,28.51951182212644,38.022625854597706,0.473641703841954,8,148,0.473641703841954
plant_2,2020-05-27 09:00:00,12533.76619047619,30.281283206034487,45.455687282758625,0.690599768198276,9,148,0.690599768198276
plant_2,2020-05-27 10:00:00,10472.90119047619,31.90369187356322,51.719738092241386,0.8469939346465517,10,148,0.8469939346465517
plant_2,2020-05-27 11:00:00,9569.047857142858,33.2711777020115,57.92970524166667,0.9216531644798849,11,148,0.9216531644798849
plant_2,2020-05-27 12:00:00,10195.928333333333,34.424700907183905,60.718632674712644,0.9058972149827585,12,148,0.9058972149827585
plant_2,2020-05-27 13:00:00,10532.927023809525,35.09362923764368,58.77595816522988,0.8600611878103447,13,148,0.8600611878103447
plant_2,2020-05-27 14:00:00,12082.767142857143,35.820443070402305,57.03270454770115,0.7493654776005747,14,148,0.7493654776005747
plant_2,2020-05-27 15:00:00,13311.98238095238,36.587212040229886,51.92642118563218,0.5719320574568965,15,148,0.5719320574568965
plant_2,2020-05-27 16:00:00,9155.174880952381,36.69535150229885,45.701975989942525,0.35834350034195395,16,148,0.35834350034195395
plant_2,2020-05-27 17:00:00,3986.8025,35.86766616896552,38.88871809137931,0.1583078518965517,17,148,0.1583078518965517
plant_2,2020-05-27 18:00:00,766.5717857142857,33.81000998965518,33.35954217212643,0.0327813767592816,18,148,0.0327813767592816
plant_2,2020-05-27 19:00:00,0.0,31.868544949137934,30.36155042758621,3.738240086205e-05,19,148,3.738240086205e-05
plant_2,2020-05-27 20:00:00,0.0,30.671171979022986,29.30513442816092,0.0,20,148,0.0
plant_2,2020-05-27 21:00:00,0.0,29.237264302873562,28.118250768103447,0.0,21,148,0.0
plant_2,2020-05-27 22:00:00,0.0,27.824355516091956,26.74422095804598,0.0,22,148,0.0
plant_2,2020-05-27 23:00:00,0.0,27.22349371896552,26.162730147988505,0.0,23,148,0.0
plant_2,2020-05-28 00:00:00,0.0,26.73373131235632,25.714912402873566,0.0,0,149,0.0
plant_2,2020-05-28 01:00:00,0.0,26.390567981034483,25.259209753735632,0.0,1,149,0.0
plant_2,2020-05-28 02:00:00,0.0,25.999593101724138,24.707526063793104,0.0,2,149,0.0
plant_2,2020-05-28 03:00:00,0.0,25.456834211781608,24.19893939827586,0.0,3,149,0.0
plant_2,2020-05-28 04:00:00,0.0,25.14432982011494,23.890145589942527,0.0,4,149,0.0
plant_2,2020-05-28 05:00:00,0.0,24.785546102298852,23.43603503448276,0.00018797400790515,5,149,0.00018797400790515
plant_2,2020-05-28 06:00:00,1027.8890476190477,24.591465584482762,23.80129537787356,0.04340952492830458,6,149,0.04340952492830458
plant_2,2020-05-28 07:00:00,5232.764166666667,25.833311768965515,29.581403675862063,0.25094035574683904,7,149,0.25094035574683904
plant_2,2020-05-28 08:00:00,11132.234761904761,27.783055879597697,37.72878019396551,0.4939675081264368,8,149,0.4939675081264368
plant_2,2020-05-28 09:00:00,15561.284166666666,29.412893920402297,44.657553671551725,0.7125557098764367,9,149,0.7125557098764367
plant_2,2020-05-28 10:00:00,13494.116547619047,31.120023960057473,51.08260128275862,0.8767789275718392,10,149,0.8767789275718392
plant_2,2020-05-28 11:00:00,13285.98261904762,32.86182291034483,55.37024327356322,0.9391534685890803,11,149,0.9391534685890803
plant_2,2020-05-28 12:00:00,13560.280119047618,34.27658129655172,56.007618041954025,0.9202848223505747,12,149,0.9202848223505747
plant_2,2020-05-28 13:00:00,8677.574047619048,35.32186930258621,56.86129845977011,0.8742042367126437,13,149,0.8742042367126437
plant_2,2020-05-28 14:00:00,11502.790805860805,36.087670987931034,53.74370672787356,0.772848085505747,14,149,0.772848085505747
plant_2,2020-05-28 15:00:00,14735.887261904762,36.5137240454023,50.824042583908046,0.6018881602643678,15,149,0.6018881602643678
plant_2,2020-05-28 16:00:00,8950.379047619048,36.302363434770115,44.32620785804598,0.3545416649913793,16,149,0.3545416649913793
plant_2,2020-05-28 17:00:00,4020.75260989011,35.75350508986043,38.5578794828202,0.16130783548830044,17,149,0.16130783548830044
plant_2,2020-05-28 18:00:00,753.7838095238096,34.105351108620695,33.30799239195402,0.0321762793656034,18,149,0.0321762793656034
plant_2,2020-05-28 19:00:00,0.0,32.38847125890805,30.561131866666663,1.2151536666666672e-05,19,149,1.2151536666666672e-05
plant_2,2020-05-28 20:00:00,0.0,31.180062183333334,29.760062849999997,0.0,20,149,0.0
plant_2,2020-05-28 21:00:00,0.0,29.50250678439865,28.37598958430053,0.0,21,149,0.0
plant_2,2020-05-28 22:00:00,0.0,28.205905956034485,26.991037902011495,0.0,22,149,0.0
plant_2,2020-05-28 23:00:00,0.0,27.37018299454023,26.06368393678161,0.0,23,149,0.0
plant_2,2020-05-29 00:00:00,0.0,26.742907149425285,25.407675903448272,0.0,0,150,0.0
plant_2,2020-05-29 01:00:00,0.0,26.25216216867816,24.890120509770114,0.0,1,150,0.0
plant_2,2020-05-29 02:00:00,0.0,25.75969710862069,24.2802474658046,0.0,2,150,0.0
plant_2,2020-05-29 03:00:00,0.0,25.374342801149425,24.169369804885058,0.0,3,150,0.0
plant_2,2020-05-29 04:00:00,0.0,25.282060834770114,24.377463784195402,0.0,4,150,0.0
plant_2,2020-05-29 05:00:00,0.0,24.89459166954023,23.616769711494253,0.00023480633216665,5,150,0.00023480633216665
plant_2,2020-05-29 06:00:00,1344.7996428571428,24.77757023333333,24.316769594540233,0.054738580122988476,6,150,0.054738580122988476
plant_2,2020-05-29 07:00:00,3024.977976190476,25.597133908045976,27.37355881005747,0.13471157365344824,7,150,0.13471157365344824
plant_2,2020-05-29 08:00:00,9804.325952380952,27.268151226724136,34.52292078965517,0.43281486584195394,8,150,0.43281486584195394
plant_2,2020-05-29 09:00:00,14577.670714285714,29.053952182183913,44.65779060603448,0.764650489724138,9,150,0.764650489724138
plant_2,2020-05-29 10:00:00,12154.701071428572,30.254997561781607,46.79503053879311,0.7188306769971264,10,150,0.7188306769971264
plant_2,2020-05-29 11:00:00,10815.353333333333,31.808487518103448,49.37933861637931,0.7637017132643679,11,150,0.7637017132643679
plant_2,2020-05-29 12:00:00,11796.138809523809,33.39244012701149,51.7315695413793,0.7145407408304597,12,150,0.7145407408304597
plant_2,2020-05-29 13:00:00,14007.577976190476,34.326431604022986,49.30157696264368,0.5940139490114943,13,150,0.5940139490114943
plant_2,2020-05-29 14:00:00,13953.909404761904,35.29102199741379,48.61348638735632,0.5609990428850574,14,150,0.5609990428850574
plant_2,2020-05-29 15:00:00,13798.209606227107,36.2516401071839,49.50907042557471,0.5551696634252873,15,150,0.5551696634252873
plant_2,2020-05-29 16:00:00,12426.552943722943,37.34435919174504,48.28856035106235,0.39758196530546847,16,150,0.39758196530546847
plant_2,2020-05-29 17:00:00,5990.476904761905,36.92295839166667,41.41241697614942,0.19135848958448273,17,150,0.19135848958448273
plant_2,2020-05-29 18:00:00,756.2227380952381,35.096718835632174,33.91803887701149,0.025351149377821798,18,150,0.025351149377821798
plant_2,2020-05-29 19:00:00,0.0,33.458447023563224,31.26267776494253,0.0,19,150,0.0
plant_2,2020-05-29 20:00:00,0.0,31.99895864454023,30.41409947701149,0.0,20,150,0.0
plant_2,2020-05-29 21:00:00,0.0,29.902788813793098,28.807966706321835,0.0,21,150,0.0
plant_2,2020-05-29 22:00:00,0.0,28.404499988793106,27.28989614827586,0.0,22,150,0.0
plant_2,2020-05-29 23:00:00,0.0,27.50495157988506,26.22732981178161,0.0,23,150,0.0
plant_2,2020-05-30 00:00:00,0.0,27.03184335632184,25.83295730718391,0.0,0,151,0.0
plant_2,2020-05-30 01:00:00,0.0,25.556205684195405,25.058996663793103,0.0,1,151,0.0
plant_2,2020-05-30 02:00:00,0.0,23.65784621436782,23.087995454597703,0.0,2,151,0.0
plant_2,2020-05-30 03:00:00,0.0,23.710650674425285,23.01539512183908,0.0,3,151,0.0
plant_2,2020-05-30 04:00:00,0.0,23.87170457902299,22.730989572701148,0.0,4,151,0.0
plant_2,2020-05-30 05:00:00,0.0,23.767933591091953,22.38483703045977,0.000112523715,5,151,0.000112523715
plant_2,2020-05-30 06:00:00,553.7210714285713,24.28196225086207,23.70854238649425,0.018984686728132125,6,151,0.018984686728132125
plant_2,2020-05-30 07:00:00,3483.582857142857,25.732623323563217,27.157967610919542,0.11328490976350572,7,151,0.11328490976350572
plant_2,2020-05-30 08:00:00,6357.731428571429,26.449257116666665,29.45462910287356,0.20965594464367812,8,151,0.20965594464367812
plant_2,2020-05-30 09:00:00,12177.505357142858,26.778834264080462,32.81506564655172,0.4055249799885058,9,151,0.4055249799885058
plant_2,2020-05-30 10:00:00,17594.898452380952,29.18129235229885,41.647121800862074,0.6804371215431034,10,151,0.6804371215431034
plant_2,2020-05-30 11:00:00,18004.016071428574,32.13681778505747,51.18588623793104,0.9045918210517241,11,151,0.9045918210517241
plant_2,2020-05-30 12:00:00,17317.846904761904,33.76480879942529,53.045745246264374,0.7987043247614942,12,151,0.7987043247614942
plant_2,2020-05-30 13:00:00,19028.83357142857,35.6557333612069,56.05029744367816,0.8628847856293104,13,151,0.8628847856293104
plant_2,2020-05-30 14:00:00,19293.43261904762,36.07789642528736,51.103820656609194,0.7737174219310344,14,151,0.7737174219310344
plant_2,2020-05-30 15:00:00,18024.463333333333,36.988954770977,48.60662980660919,0.6010727225948275,15,151,0.6010727225948275
plant_2,2020-05-30 16:00:00,12219.881071428572,36.41251372356322,43.59232855287357,0.38957835448275857,16,151,0.38957835448275857
plant_2,2020-05-30 17:00:00,5529.9775,35.33540638421593,38.11367099862479,0.17633194938772573,17,151,0.17633194938772573
plant_2,2020-05-30 18:00:00,628.2414285714285,33.566976933620694,32.90369745,0.02186781517245685,18,151,0.02186781517245685
plant_2,2020-05-30 19:00:00,0.0,32.35335890114943,30.64894042126437,0.0,19,151,0.0
plant_2,2020-05-30 20:00:00,0.0,30.43857615488506,27.722191296551724,0.0,20,151,0.0
plant_2,2020-05-30 21:00:00,0.0,29.803604817528736,26.402504893965517,0.0,21,151,0.0
plant_2,2020-05-30 22:00:00,0.0,28.714909308333333,25.411031431609196,0.0,22,151,0.0
plant_2,2020-05-30 23:00:00,0.0,27.898376848850575,25.211686275862068,0.0,23,151,0.0
plant_2,2020-05-31 00:00:00,0.0,27.395962854022986,24.249330058333335,0.0,0,152,0.0
plant_2,2020-05-31 01:00:00,0.0,27.127404908908048,24.300120569827588,0.0,1,152,0.0
plant_2,2020-05-31 02:00:00,0.0,26.35591697327586,23.793772576149426,0.0,2,152,0.0
plant_2,2020-05-31 03:00:00,0.0,25.993874891091956,23.87535913448276,0.0,3,152,0.0
plant_2,2020-05-31 04:00:00,0.0,25.427891101724143,23.35491674626437,0.0,4,152,0.0
plant_2,2020-05-31 05:00:00,0.0,26.065026249425287,24.813666522701155,0.00058650328967525,5,152,0.00058650328967525
plant_2,2020-05-31 06:00:00,1630.9735714285714,26.56717278218391,26.774107763218392,0.05574447248275857,6,152,0.05574447248275857
plant_2,2020-05-31 07:00:00,2960.602976190476,27.237210228735634,29.569722105747125,0.09489546051896547,7,152,0.09489546051896547
plant_2,2020-05-31 08:00:00,8580.365238095237,28.41581613218391,35.18565460114943,0.28804713868678156,8,152,0.28804713868678156
plant_2,2020-05-31 09:00:00,14567.112380952381,30.1286493045977,43.99490696206897,0.5243513233936781,9,152,0.5243513233936781
plant_2,2020-05-31 10:00:00,18087.15976190476,32.09016489310345,49.95572559396552,0.6315186400488506,10,152,0.6315186400488506
plant_2,2020-05-31 11:00:00,17235.20869047619,33.28152463017241,52.11198691982758,0.5917995808735632,11,152,0.5917995808735632
plant_2,2020-05-31 12:00:00,20292.192142857144,34.309793365804595,55.67538223103449,0.7231483862758621,12,152,0.7231483862758621
plant_2,2020-05-31 13:00:00,23615.849166666667,35.79002256752873,62.5981865841954,0.8900354043275862,13,152,0.8900354043275862
plant_2,2020-05-31 14:00:00,14667.290238095238,33.50554806522988,49.272609187068966,0.5386630977586206,14,152,0.5386630977586206
plant_2,2020-05-31 15:00:00,8429.00857142857,28.319330725287358,32.143202007758624,0.26606893234482754,15,152,0.26606893234482754
plant_2,2020-05-31 16:00:00,3998.5761904761903,29.121774808908047,31.819254515517244,0.12880010295459768,16,152,0.12880010295459768
plant_2,2020-05-31 17:00:00,1616.9069047619048,29.564060844827587,30.41992908649425,0.05234891299022985,17,152,0.05234891299022985
plant_2,2020-05-31 18:00:00,410.2895238095238,29.04376616867816,28.56269676408046,0.013715851540864923,18,152,0.013715851540864923
plant_2,2020-05-31 19:00:00,0.0,25.605218524999998,23.90434160862069,0.0006486972271120199,19,152,0.0006486972271120199
plant_2,2020-05-31 20:00:00,0.0,25.94875249454023,24.3317360545977,0.0006029907202741,20,152,0.0006029907202741
plant_2,2020-05-31 21:00:00,0.0,25.520977082471266,24.280801712068964,9.596595e-07,21,152,9.596595e-07
plant_2,2020-05-31 22:00:00,0.0,25.178689072126435,24.961856753160916,1.3567656336206898e-05,22,152,1.3567656336206898e-05
plant_2,2020-05-31 23:00:00,0.0,24.836088405747127,24.39830129913793,0.0,23,152,0.0
plant_2,2020-06-01 00:00:00,0.0,24.880071880459766,23.82408873534483,0.0,0,153,0.0
plant_2,2020-06-01 01:00:00,0.0,24.69562627902299,23.438040214367813,0.0,1,153,0.0
plant_2,2020-06-01 02:00:00,0.0,24.166674739367814,23.003428169540232,0.0,2,153,0.0
plant_2,2020-06-01 03:00:00,0.0,23.76696403333333,23.09631602816092,0.0,3,153,0.0
plant_2,2020-06-01 04:00:00,0.0,23.614054037068964,22.632176477873564,0.0,4,153,0.0
plant_2,2020-06-01 05:00:00,0.0,23.3252038295977,22.44989809454023,0.0001902959665517,5,153,0.0001902959665517
plant_2,2020-06-01 06:00:00,1148.0761904761903,23.833097042528735,23.804101261206895,0.035968278180862,6,153,0.035968278180862
plant_2,2020-06-01 07:00:00,4200.414642857143,25.06892992988506,28.583131824425287,0.12750046725402295,7,153,0.12750046725402295
plant_2,2020-06-01 08:00:00,9036.333095238095,26.104725293390803,31.420059926436785,0.30188094292816087,8,153,0.30188094292816087
plant_2,2020-06-01 09:00:00,19355.137738095236,28.553858849999997,44.32019190114943,0.7402988217327586,9,153,0.7402988217327586
plant_2,2020-06-01 10:00:00,18444.64107142857,29.84609796091954,47.94436079310345,0.6380775657758619,10,153,0.6380775657758619
plant_2,2020-06-01 11:00:00,11393.541904761903,30.60710433045977,41.82167113103448,0.40240798395402294,11,153,0.40240798395402294
plant_2,2020-06-01 12:00:00,17816.001547619046,32.51237481724138,51.84970101149425,0.817254826454023,12,153,0.817254826454023
plant_2,2020-06-01 13:00:00,3627.008452380953,28.04717174583333,32.06091574166667,0.11453583302916664,13,153,0.11453583302916664
plant_2,2020-06-01 14:00:00,1428.4041666666667,25.68760701321839,25.615773859770115,0.04299905501379307,14,153,0.04299905501379307
plant_2,2020-06-01 15:00:00,1435.6307142857142,25.762787963505744,26.28959771005747,0.043067786058620626,15,153,0.043067786058620626
plant_2,2020-06-01 16:00:00,2403.205595238095,25.676401953735635,27.11764166264368,0.07195084219166663,16,153,0.07195084219166663
plant_2,2020-06-01 17:00:00,842.5741819291819,24.741159120483342,24.43493113191866,0.0281046120629531,17,153,0.0281046120629531
plant_2,2020-06-01 18:00:00,0.0,23.587878258045976,23.340126852801724,0.00035482546865156376,18,153,0.00035482546865156376
plant_2,2020-06-01 19:00:00,0.0,23.512759158908043,23.287318304310347,0.0,19,153,0.0
plant_2,2020-06-01 20:00:00,0.0,23.249565605172414,22.943955563505742,0.0,20,153,0.0
plant_2,2020-06-01 21:00:00,0.0,23.451110801724138,23.042943955747123,0.0,21,153,0.0
plant_2,2020-06-01 22:00:00,0.0,23.658444952873566,23.264234456609195,0.0,22,153,0.0
plant_2,2020-06-01 23:00:00,0.0,23.627934357471265,23.250957727873562,0.0,23,153,0.0
plant_2,2020-06-02 00:00:00,0.0,23.452982956321836,22.523272358908045,0.0,0,154,0.0
plant_2,2020-06-02 01:00:00,0.0,23.305084811494254,22.09417292816092,0.0,1,154,0.0
plant_2,2020-06-02 02:00:00,0.0,23.1056995862069,21.836481225862073,0.0,2,154,0.0
plant_2,2020-06-02 03:00:00,0.0,23.04962066695402,21.9067546408046,0.0,3,154,0.0
plant_2,2020-06-02 04:00:00,0.0,23.093783234195406,22.239687399712643,0.0,4,154,0.0
plant_2,2020-06-02 05:00:00,1.2945238095238094,22.99684687988506,22.089144704885054,0.0005629457923017,5,154,0.0005629457923017
plant_2,2020-06-02 06:00:00,2389.551071428571,23.287169622126434,23.194187013505747,0.07297642368160913,6,154,0.07297642368160913
plant_2,2020-06-02 07:00:00,7099.2775,24.770701548850575,27.41960285747126,0.24174610722988502,7,154,0.24174610722988502
plant_2,2020-06-02 08:00:00,11790.957738095238,26.268908964080456,33.84721801982758,0.38725733379022986,8,154,0.38725733379022986
plant_2,2020-06-02 09:00:00,13457.665238095238,27.43910457356322,35.04361024022989,0.4323660801982758,9,154,0.4323660801982758
plant_2,2020-06-02 10:00:00,14606.52,28.474977153160918,39.98080845775863,0.49705028704310344,10,154,0.49705028704310344
plant_2,2020-06-02 11:00:00,11545.808095238095,29.911298397126433,48.9710538454023,0.7417658890172414,11,154,0.7417658890172414
plant_2,2020-06-02 12:00:00,7887.848095238096,31.827209634482756,60.05966782672414,0.8972976864109196,12,154,0.8972976864109196
plant_2,2020-06-02 13:00:00,14486.338095238096,33.029561939080466,56.45105995660919,0.8155384895258619,13,154,0.8155384895258619
plant_2,2020-06-02 14:00:00,15612.7675,33.0097028954023,54.312019516666666,0.7403245491551724,14,154,0.7403245491551724
plant_2,2020-06-02 15:00:00,14565.323809523808,32.33449562758621,45.72250754454023,0.44384119036408043,15,154,0.44384119036408043
plant_2,2020-06-02 16:00:00,4469.025,31.84740486321839,41.82643465028736,0.38665815738505743,16,154,0.38665815738505743
plant_2,2020-06-02 17:00:00,7777.003214285714,30.497593585632185,35.96466484396552,0.23569515135632182,17,154,0.23569515135632182
plant_2,2020-06-02 18:00:00,1378.0215476190476,28.539892494540226,28.99233350316092,0.044074303873839024,18,154,0.044074303873839024
plant_2,2020-06-02 19:00:00,0.0,27.23782233908046,25.82317821551724,0.0,19,154,0.0
plant_2,2020-06-02 20:00:00,0.0,26.62481666810345,25.49211715402299,0.0,20,154,0.0
plant_2,2020-06-02 21:00:00,0.0,25.966885115229886,24.91925711551724,0.0,21,154,0.0
plant_2,2020-06-02 22:00:00,0.0,25.35449520172414,24.082001721264366,0.0,22,154,0.0
plant_2,2020-06-02 23:00:00,0.0,25.031668830459772,24.405360037643682,0.0,23,154,0.0
plant_2,2020-06-03 00:00:00,0.0,25.01124883304598,24.60128365086207,0.0,0,155,0.0
plant_2,2020-06-03 01:00:00,0.0,24.305683339655168,23.509701047126434,0.0,1,155,0.0
plant_2,2020-06-03 02:00:00,0.0,24.072836162356325,23.237947468390807,0.0,2,155,0.0
plant_2,2020-06-03 03:00:00,0.0,23.769237960632182,22.996631017528735,0.0,3,155,0.0
plant_2,2020-06-03 04:00:00,0.0,23.89063752787356,23.326922603160924,0.0,4,155,0.0
plant_2,2020-06-03 05:00:00,0.0,23.812069485632186,22.944538881896555,0.000116449643499975,5,155,0.000116449643499975
plant_2,2020-06-03 06:00:00,1046.0341666666668,23.85915165229885,23.680646308908045,0.03468740709439652,6,155,0.03468740709439652
plant_2,2020-06-03 07:00:00,4746.829285714286,24.805235533908046,27.29350719109195,0.16357261151379304,7,155,0.16357261151379304
plant_2,2020-06-03 08:00:00,10276.199166666665,26.34057256752873,33.51961597557471,0.34444712499137925,8,155,0.34444712499137925
plant_2,2020-06-03 09:00:00,12244.703095238096,27.38313328821839,35.79030011321839,0.389717845683908,9,155,0.389717845683908
plant_2,2020-06-03 10:00:00,8686.325119047619,28.217649130459773,38.43229072959771,0.45020560849712643,10,155,0.45020560849712643
plant_2,2020-06-03 11:00:00,10986.219285714285,29.67187004281609,44.64032421264368,0.6233337423764368,11,155,0.6233337423764368
plant_2,2020-06-03 12:00:00,9919.058571428572,30.345372400000002,43.66784597155173,0.5552839733448275,12,155,0.5552839733448275
plant_2,2020-06-03 13:00:00,9876.327261904762,28.11236435675287,34.03560039382184,0.3020071149051724,13,155,0.3020071149051724
plant_2,2020-06-03 14:00:00,13196.480158730157,29.876392760408688,41.49453957650064,0.5777620356283525,14,155,0.5777620356283525
plant_2,2020-06-03 15:00:00,12328.895714285714,30.0162075362069,41.92086099655172,0.49607758866091956,15,155,0.49607758866091956
plant_2,2020-06-03 16:00:00,7039.320714285714,29.069256666666668,34.188523485919546,0.22054336546551723,16,155,0.22054336546551723
plant_2,2020-06-03 17:00:00,3781.9264285714285,27.385194190804597,29.677503260632186,0.11748597667614938,17,155,0.11748597667614938
plant_2,2020-06-03 18:00:00,682.0701190476191,26.48057924770115,26.493812097126433,0.022859157139913776,18,155,0.022859157139913776
plant_2,2020-06-03 19:00:00,0.0,25.387606558045977,24.268982916091954,0.0,19,155,0.0
plant_2,2020-06-03 20:00:00,0.0,24.682487662931035,23.952317194252878,0.0,20,155,0.0
plant_2,2020-06-03 21:00:00,0.0,24.094730972988508,23.340085955459774,0.0,21,155,0.0
plant_2,2020-06-03 22:00:00,0.0,23.76248240143678,22.841187799137934,0.0,22,155,0.0
plant_2,2020-06-03 23:00:00,0.0,23.80448342758621,22.863977984195405,0.0,23,155,0.0
plant_2,2020-06-04 00:00:00,0.0,23.50827306954023,22.680585460632187,0.0,0,156,0.0
plant_2,2020-06-04 01:00:00,0.0,23.518839136309523,22.530584897126438,0.0,1,156,0.0
plant_2,2020-06-04 02:00:00,0.0,23.481203918965516,22.45279295862069,0.0,2,156,0.0
plant_2,2020-06-04 03:00:00,0.0,23.383310616666666,22.087018540517242,0.0,3,156,0.0
plant_2,2020-06-04 04:00:00,0.0,23.095210081896553,21.458599497126436,0.0,4,156,0.0
plant_2,2020-06-04 05:00:00,0.0,23.23754183333333,22.06143621724138,8.9025761534475e-05,5,156,8.9025761534475e-05
plant_2,2020-06-04 06:00:00,1069.5830952380952,23.607717645402296,23.346530841091955,0.035494053585747073,6,156,0.035494053585747073
plant_2,2020-06-04 07:00:00,5170.1392857142855,24.766827892528735,28.38452917528736,0.16593117742758623,7,156,0.16593117742758623
plant_2,2020-06-04 08:00:00,10611.819285714286,26.085492587068963,34.26369979827586,0.3468141893620689,8,156,0.3468141893620689
plant_2,2020-06-04 09:00:00,14191.668095238096,27.206774860632187,38.344492504022995,0.47199042517241374,9,156,0.47199042517241374
plant_2,2020-06-04 10:00:00,11227.196547619047,28.536154648850577,42.16048676149425,0.5581078182844827,10,156,0.5581078182844827
plant_2,2020-06-04 11:00:00,14859.310238095239,29.899079445689654,49.064597625287355,0.8162111631206896,11,156,0.8162111631206896
plant_2,2020-06-04 12:00:00,14938.011904761905,32.06823763649426,55.15556533735632,0.8887426554396551,12,156,0.8887426554396551
plant_2,2020-06-04 13:00:00,11177.082261904761,32.30363339712644,52.53979562902299,0.6893911300833333,13,156,0.6893911300833333
plant_2,2020-06-04 14:00:00,9739.46261904762,29.616124981609197,37.58242551637931,0.35504988170402296,14,156,0.35504988170402296
plant_2,2020-06-04 15:00:00,10426.472023809523,28.578436270689654,35.65006407385057,0.32360046955747124,15,156,0.32360046955747124
plant_2,2020-06-04 16:00:00,7869.81619047619,27.98695263821839,33.10373060948275,0.23961616516091952,16,156,0.23961616516091952
plant_2,2020-06-04 17:00:00,4100.373095238096,28.0208131295977,31.037245991379308,0.12745958134482754,17,156,0.12745958134482754
plant_2,2020-06-04 18:00:00,816.4448809523809,27.426303428448275,27.196445729022987,0.027147821653520074,18,156,0.027147821653520074
plant_2,2020-06-04 19:00:00,0.0,26.602976061206896,25.386106341666668,0.0,19,156,0.0
plant_2,2020-06-04 20:00:00,0.0,25.199073047988506,23.996066319252876,0.0,20,156,0.0
plant_2,2020-06-04 21:00:00,0.0,24.56502705316092,22.8108210954023,0.0,21,156,0.0
plant_2,2020-06-04 22:00:00,0.0,24.315366481034484,23.11473504597701,4.926364326665e-05,22,156,4.926364326665e-05
plant_2,2020-06-04 23:00:00,0.0,24.309172689655174,23.52917712902299,0.0,23,156,0.0
plant_2,2020-06-05 00:00:00,0.0,23.931655109770116,22.54182097557471,0.0,0,157,0.0
plant_2,2020-06-05 01:00:00,0.0,23.29312119281609,21.58250203764368,0.0,1,157,0.0
plant_2,2020-06-05 02:00:00,0.0,23.03567999195402,21.480465774137933,0.0,2,157,0.0
plant_2,2020-06-05 03:00:00,0.0,23.183823688793105,21.99024125603448,0.0,3,157,0.0
plant_2,2020-06-05 04:00:00,0.0,23.490665819540226,22.38702567902299,0.0,4,157,0.0
plant_2,2020-06-05 05:00:00,0.0,23.49770722471264,22.62057861925288,0.00023674116675,5,157,0.00023674116675
plant_2,2020-06-05 06:00:00,1184.8946428571428,23.633294435632187,23.639648027298854,0.040030494448850554,6,157,0.040030494448850554
plant_2,2020-06-05 07:00:00,4655.125952380953,24.69485709137931,28.34860705948276,0.15459172206752872,7,157,0.15459172206752872
plant_2,2020-06-05 08:00:00,12246.984285714285,26.44539941465517,37.255380550862064,0.42136908497413794,8,157,0.42136908497413794
plant_2,2020-06-05 09:00:00,16731.0425,28.53166339712644,45.41292230545977,0.7119077911982759,9,157,0.7119077911982759
plant_2,2020-06-05 10:00:00,14372.884166666667,30.495267621264368,54.192188314367826,0.8682020264885058,10,157,0.8682020264885058
plant_2,2020-06-05 11:00:00,12851.27642857143,31.631126905172415,54.3257932816092,0.7725812908908045,11,157,0.7725812908908045
plant_2,2020-06-05 12:00:00,17018.981190476192,32.78993595517242,57.34058060632184,0.9269888240689654,12,157,0.9269888240689654
plant_2,2020-06-05 13:00:00,10966.860238095238,32.64050240488506,49.42343631954022,0.5820511793390805,13,157,0.5820511793390805
plant_2,2020-06-05 14:00:00,9456.625119047618,29.924124504022988,35.103718947413796,0.2823463872643678,14,157,0.2823463872643678
plant_2,2020-06-05 15:00:00,10657.181547619048,29.33785158132184,35.94406519022988,0.3229271829425287,15,157,0.3229271829425287
plant_2,2020-06-05 16:00:00,9881.689761904761,30.177323482471262,36.263540291666665,0.29821565177873555,16,157,0.29821565177873555
plant_2,2020-06-05 17:00:00,6095.833452380952,30.51429745804598,34.37056058620689,0.18591726807614942,17,157,0.18591726807614942
plant_2,2020-06-05 18:00:00,715.0990476190476,28.415621938218393,28.123899913793103,0.024284935634497073,18,157,0.024284935634497073
plant_2,2020-06-05 19:00:00,0.0,27.60231767873563,26.76402915229885,0.0,19,157,0.0
plant_2,2020-06-05 20:00:00,0.0,26.856238618678162,25.548913447126434,0.0,20,157,0.0
plant_2,2020-06-05 21:00:00,0.0,26.041860069827585,24.44128606235632,0.0,21,157,0.0
plant_2,2020-06-05 22:00:00,0.0,25.312305505747126,23.62147751408046,0.0,22,157,0.0
plant_2,2020-06-05 23:00:00,0.0,24.49987943304598,22.49080227643678,0.0,23,157,0.0
plant_2,2020-06-06 00:00:00,0.0,24.019374362068962,22.00221207557471,0.0,0,158,0.0
plant_2,2020-06-06 01:00:00,0.0,23.312760736781613,21.097191995689652,0.0,1,158,0.0
plant_2,2020-06-06 02:00:00,0.0,23.57161172270115,21.562189343103448,0.0,2,158,0.0
plant_2,2020-06-06 03:00:00,0.0,23.36396351551724,21.35671264454023,0.0,3,158,0.0
plant_2,2020-06-06 04:00:00,0.0,22.851406804597698,20.74616328764368,0.0,4,158,0.0
plant_2,2020-06-06 05:00:00,0.0,22.665397460057473,21.17955492126437,0.0005972256984999749,5,158,0.0005972256984999749
plant_2,2020-06-06 06:00:00,1686.9690476190476,23.5045417933908,22.854170604597705,0.0542996059097988,6,158,0.0542996059097988
plant_2,2020-06-06 07:00:00,3240.4716666666664,24.565669802586207,26.226867691379308,0.1052968740905172,7,158,0.1052968740905172
plant_2,2020-06-06 08:00:00,13128.695476190474,26.54744194454023,35.50221579597701,0.468920970292816,8,158,0.468920970292816
plant_2,2020-06-06 09:00:00,14623.559523809523,28.93352037183908,45.99096083132183,0.7228328586149425,9,158,0.7228328586149425
plant_2,2020-06-06 10:00:00,15727.346071428572,30.662447178448275,50.64575665086207,0.8582073545086206,10,158,0.8582073545086206
plant_2,2020-06-06 11:00:00,13610.090714285714,31.72637008045977,51.16044901666666,0.8674532610977012,11,158,0.8674532610977012
plant_2,2020-06-06 12:00:00,14272.73011904762,32.699650939367814,52.10318318304598,0.8729979925229885,12,158,0.8729979925229885
plant_2,2020-06-06 13:00:00,11647.906547619048,33.0038603479885,48.54672707097701,0.717671715856322,13,158,0.717671715856322
plant_2,2020-06-06 14:00:00,8156.910714285714,33.66635517557471,49.22447189770115,0.6767568096063219,14,158,0.6767568096063219
plant_2,2020-06-06 15:00:00,12606.284404761904,33.789433139367816,45.86863190143678,0.5269320361867816,15,158,0.5269320361867816
plant_2,2020-06-06 16:00:00,13121.59154761905,33.64432215086207,41.80578106091954,0.40274661273850576,16,158,0.40274661273850576
plant_2,2020-06-06 17:00:00,5965.033690476191,32.7105403841954,36.0772261566092,0.1835326770445402,17,158,0.1835326770445402
plant_2,2020-06-06 18:00:00,995.374880952381,30.58153092068966,30.214824658620692,0.0326891875187356,18,158,0.0326891875187356
plant_2,2020-06-06 19:00:00,0.0,28.819359718965515,27.34638062356322,0.0,19,158,0.0
plant_2,2020-06-06 20:00:00,0.0,27.16065115229885,25.863759246551723,0.0,20,158,0.0
plant_2,2020-06-06 21:00:00,0.0,25.78030303534483,24.42273285,0.0,21,158,0.0
plant_2,2020-06-06 22:00:00,0.0,24.988890848275865,23.52920155574713,0.0,22,158,0.0
plant_2,2020-06-06 23:00:00,0.0,24.661750385632182,23.09226889454023,0.0,23,158,0.0
plant_2,2020-06-07 00:00:00,0.0,24.382157873563216,22.7503824841954,0.0,0,159,0.0
plant_2,2020-06-07 01:00:00,0.0,24.286531674425284,22.86887888218391,0.0,1,159,0.0
plant_2,2020-06-07 02:00:00,0.0,23.697737494252873,21.930046059195405,0.0,2,159,0.0
plant_2,2020-06-07 03:00:00,0.0,23.313049797701147,21.446626024712643,1.9195114999999994e-06,3,159,1.9195114999999994e-06
plant_2,2020-06-07 04:00:00,0.0,23.931837247413792,23.174973847126434,2.271426755e-05,4,159,2.271426755e-05
plant_2,2020-06-07 05:00:00,0.0,23.443208406034486,22.311062591954023,0.000501299162333325,5,159,0.000501299162333325
plant_2,2020-06-07 06:00:00,1060.6167857142857,23.580715862068967,23.36763626178161,0.03654930155465513,6,159,0.03654930155465513
plant_2,2020-06-07 07:00:00,4137.705952380953,24.569662163793105,27.53614937097701,0.13363057073965515,7,159,0.13363057073965515
plant_2,2020-06-07 08:00:00,10858.947857142857,26.30561286235632,35.56890123793104,0.3497589023304598,8,159,0.3497589023304598
plant_2,2020-06-07 09:00:00,11955.697976190477,28.87661254683908,46.66177973505747,0.7268702591925287,9,159,0.7268702591925287
plant_2,2020-06-07 10:00:00,13046.897261904762,30.766650598850575,52.86396148821839,0.7991772128764367,10,159,0.7991772128764367
plant_2,2020-06-07 11:00:00,12239.056666666667,31.366494630172415,50.26432792068965,0.7919407346522989,11,159,0.7919407346522989
plant_2,2020-06-07 12:00:00,14042.617023809524,32.943811825,57.142692508620684,0.9572362615488506,12,159,0.9572362615488506
plant_2,2020-06-07 13:00:00,12358.40738095238,33.283744295977016,51.958681232183906,0.7479884580632183,13,159,0.7479884580632183
plant_2,2020-06-07 14:00:00,14856.967857142858,33.33995602844828,52.30812061666666,0.7522688371666666,14,159,0.7522688371666666
plant_2,2020-06-07 15:00:00,7569.072142857142,33.82396850431035,48.36282096465518,0.5355452109942529,15,159,0.5355452109942529
plant_2,2020-06-07 16:00:00,7020.352023809523,31.36876835057471,35.00080270517242,0.2205385793235632,16,159,0.2205385793235632
plant_2,2020-06-07 17:00:00,5508.125714285714,31.65422101781609,34.34763970172414,0.17336889247844825,17,159,0.17336889247844825
plant_2,2020-06-07 18:00:00,977.737619047619,30.186024654310348,29.778869604597702,0.03333065102982755,18,159,0.03333065102982755
plant_2,2020-06-07 19:00:00,0.0,28.42106359137931,27.051916508333335,6.396263891666667e-06,19,159,6.396263891666667e-06
plant_2,2020-06-07 20:00:00,0.0,27.299782163505746,25.923275129597698,0.0,20,159,0.0
plant_2,2020-06-07 21:00:00,0.0,26.457808180459768,25.09808790229885,0.0,21,159,0.0
plant_2,2020-06-07 22:00:00,0.0,25.920185554885055,24.6534538683908,0.0,22,159,0.0
plant_2,2020-06-07 23:00:00,0.0,25.31872394367816,23.900222972701144,0.0,23,159,0.0
plant_2,2020-06-08 00:00:00,0.0,24.79461352643678,23.119505020689655,0.0,0,160,0.0
plant_2,2020-06-08 01:00:00,0.0,24.361366068965516,22.508581153160918,0.0,1,160,0.0
plant_2,2020-06-08 02:00:00,0.0,24.279141905747124,22.960531131896552,0.0,2,160,0.0
plant_2,2020-06-08 03:00:00,0.0,24.34287512298851,23.176629310344826,0.0,3,160,0.0
plant_2,2020-06-08 04:00:00,0.0,24.258983729351396,23.33555138501642,0.0,4,160,0.0
plant_2,2020-06-08 05:00:00,0.0,24.112920665804594,23.17740173534483,0.00046321496141665,5,160,0.00046321496141665
plant_2,2020-06-08 06:00:00,1621.2120238095238,24.474809940517243,24.475828657183907,0.05220545156120687,6,160,0.05220545156120687
plant_2,2020-06-08 07:00:00,7261.6809523809525,25.697372645114942,30.597811047413792,0.276768661562069,7,160,0.276768661562069
plant_2,2020-06-08 08:00:00,11966.279880952381,27.084917358908044,36.864076764367816,0.416814588913793,8,160,0.416814588913793
plant_2,2020-06-08 09:00:00,14890.556254578754,28.738237917803993,40.83945919206716,0.6423484096092331,9,160,0.6423484096092331
plant_2,2020-06-08 10:00:00,14516.451309523809,30.629607662931036,49.315663906896546,0.7875786471005748,10,160,0.7875786471005748
plant_2,2020-06-08 11:00:00,15130.784166666668,31.839491350000007,54.8034888275862,0.9077351518074712,11,160,0.9077351518074712
plant_2,2020-06-08 12:00:00,15017.033095238095,32.81481609885057,55.763400113218395,0.898921623520115,12,160,0.898921623520115
plant_2,2020-06-08 13:00:00,13225.734642857144,33.424442592528735,51.903392762931034,0.7395554450545977,13,160,0.7395554450545977
plant_2,2020-06-08 14:00:00,16785.644642857143,34.48685319511494,54.544700435919545,0.8301859625258621,14,160,0.8301859625258621
plant_2,2020-06-08 15:00:00,18062.06142857143,34.629290011781606,49.88185533275862,0.6154171287356321,15,160,0.6154171287356321
plant_2,2020-06-08 16:00:00,11728.440476190477,33.94360006695402,41.57336122614943,0.3600095047068966,16,160,0.3600095047068966
plant_2,2020-06-08 17:00:00,5982.163095238096,32.380612051724135,35.23877475660919,0.18425775756321836,17,160,0.18425775756321836
plant_2,2020-06-08 18:00:00,1473.1136904761904,30.86792323448276,30.775407788793103,0.04732397107392235,18,160,0.04732397107392235
plant_2,2020-06-08 19:00:00,0.0,29.23063445545977,27.65845905,2.5474741637925e-05,19,160,2.5474741637925e-05
plant_2,2020-06-08 20:00:00,0.0,28.15877614626437,26.463009576149428,0.0,20,160,0.0
plant_2,2020-06-08 21:00:00,0.0,27.213280952873564,25.449483302873563,0.0,21,160,0.0
plant_2,2020-06-08 22:00:00,0.0,26.482817963793103,25.008638821551724,0.0,22,160,0.0
plant_2,2020-06-08 23:00:00,0.0,25.592945236781606,24.05787407844828,0.0,23,160,0.0
plant_2,2020-06-09 00:00:00,0.0,24.78667861091954,22.988326854310348,0.0,0,161,0.0
plant_2,2020-06-09 01:00:00,0.0,24.233479574425285,22.233962006609197,0.0,1,161,0.0
plant_2,2020-06-09 02:00:00,0.0,23.866565286781608,21.929295944540232,0.0,2,161,0.0
plant_2,2020-06-09 03:00:00,0.0,23.514979533045977,21.615403048563216,0.0,3,161,0.0
plant_2,2020-06-09 04:00:00,0.0,23.069752223275863,20.89320961436782,0.0,4,161,0.0
plant_2,2020-06-09 05:00:00,0.0,22.7804781204023,20.6005197295977,0.000198030893999975,5,161,0.000198030893999975
plant_2,2020-06-09 06:00:00,1420.4280952380952,23.507084776724138,22.052157330172417,0.04842005912586205,6,161,0.04842005912586205
plant_2,2020-06-09 07:00:00,9048.017023809523,25.795891980172414,31.030811736494254,0.33607342401149426,7,161,0.33607342401149426
plant_2,2020-06-09 08:00:00,13396.025714285715,27.301873303160917,36.0754341045977,0.47236237527298847,8,161,0.47236237527298847
plant_2,2020-06-09 09:00:00,15290.431666666665,28.988929072701147,43.37446625948275,0.7005751221264368,9,161,0.7005751221264368
plant_2,2020-06-09 10:00:00,14136.624404761904,30.63565110431034,50.969039774137926,0.836690184158046,10,161,0.836690184158046
plant_2,2020-06-09 11:00:00,12168.76630952381,32.36535378534482,54.15243910747127,0.7699856139885058,11,161,0.7699856139885058
plant_2,2020-06-09 12:00:00,12717.584761904762,32.91342741896551,49.29303516178162,0.6619293639195402,12,161,0.6619293639195402
plant_2,2020-06-09 13:00:00,12001.905119047618,33.55094418793104,50.29436321781609,0.6238156377614942,13,161,0.6238156377614942
plant_2,2020-06-09 14:00:00,13275.500595238094,33.6106016979885,45.0475705704023,0.5150625956551723,14,161,0.5150625956551723
plant_2,2020-06-09 15:00:00,14519.723333333333,33.50446884683908,42.25846187471264,0.4490554081810344,15,161,0.4490554081810344
plant_2,2020-06-09 16:00:00,12351.345714285715,33.052784925,41.56602100948276,0.3839014384827586,16,161,0.3839014384827586
plant_2,2020-06-09 17:00:00,4344.509523809524,31.673821745114942,34.04866750603449,0.13504237629367813,17,161,0.13504237629367813
plant_2,2020-06-09 18:00:00,807.5465476190476,30.144411398850576,30.102134830747126,0.026384952156953998,18,161,0.026384952156953998
plant_2,2020-06-09 19:00:00,0.0,28.670659369252878,27.821829774712644,9.594396333333331e-06,19,161,9.594396333333331e-06
plant_2,2020-06-09 20:00:00,0.0,27.877676119827584,26.966438779022987,0.0,20,161,0.0
plant_2,2020-06-09 21:00:00,0.0,27.08572686954023,26.07866754195402,0.0,21,161,0.0
plant_2,2020-06-09 22:00:00,0.0,26.388788338218387,25.288430202011494,0.0,22,161,0.0
plant_2,2020-06-09 23:00:00,0.0,25.726329382471263,24.368514692241376,0.0,23,161,0.0
plant_2,2020-06-10 00:00:00,0.0,25.196863073563218,23.80333894022988,0.0,0,162,0.0
plant_2,2020-06-10 01:00:00,0.0,24.833068464655177,23.6365306045977,0.0,1,162,0.0
plant_2,2020-06-10 02:00:00,0.0,24.681407664655172,23.762293225574712,0.0,2,162,0.0
plant_2,2020-06-10 03:00:00,0.0,24.52375820574713,23.492267922988507,0.0,3,162,0.0
plant_2,2020-06-10 04:00:00,0.0,24.387576398563215,22.94706757729885,0.0,4,162,0.0
plant_2,2020-06-10 05:00:00,0.0,24.22522387270115,22.866974699425292,0.00026508103439655,5,162,0.00026508103439655
plant_2,2020-06-10 06:00:00,803.9541666666667,24.590839604310347,23.984825239367815,0.026347763383965474,6,162,0.026347763383965474
plant_2,2020-06-10 07:00:00,3329.752857142857,25.223260530747126,26.825716973563217,0.10262034727183905,7,162,0.10262034727183905
plant_2,2020-06-10 08:00:00,11593.880714285715,26.82022493275862,34.67106731724138,0.3816781527097701,8,162,0.3816781527097701
plant_2,2020-06-10 09:00:00,13983.386071428571,28.26151105143678,38.631230247701154,0.5342645254568965,9,162,0.5342645254568965
plant_2,2020-06-10 10:00:00,15223.930714285714,29.876364630172418,43.66831482701149,0.7006639042040228,10,162,0.7006639042040228
plant_2,2020-06-10 11:00:00,5190.610595238095,31.48268405718391,50.762800906034485,0.7982025077011495,11,162,0.7982025077011495
plant_2,2020-06-10 12:00:00,13710.692261904762,32.99835651839081,55.809878024712646,0.8492767955373564,12,162,0.8492767955373564
plant_2,2020-06-10 13:00:00,11415.720357142858,33.44741416982759,46.233077586494254,0.47554146069540226,13,162,0.47554146069540226
plant_2,2020-06-10 14:00:00,6201.667976190476,33.70672315833334,41.999481261206896,0.3221300307586207,14,162,0.3221300307586207
plant_2,2020-06-10 15:00:00,6026.140357142857,29.94979028362069,29.892401742487678,0.18086870715917486,15,162,0.18086870715917486
plant_2,2020-06-10 16:00:00,7965.96380952381,30.138510637356323,34.39159151091954,0.2470042711517241,16,162,0.2470042711517241
plant_2,2020-06-10 17:00:00,781.0375865800866,28.31680275875131,27.939417624634274,0.022825322363166124,17,162,0.022825322363166124
plant_2,2020-06-10 18:00:00,44.865,27.15466567356322,24.8291969591954,0.0017030496868356032,18,162,0.0017030496868356032
plant_2,2020-06-10 19:00:00,0.0,25.50790412557471,23.717488762068964,6.4195522241375e-05,19,162,6.4195522241375e-05
plant_2,2020-06-10 20:00:00,0.0,25.611876535632184,24.239278931034484,0.00061012410615225,20,162,0.00061012410615225
plant_2,2020-06-10 21:00:00,0.0,25.378024186781605,24.631834903448276,1.444996032270115e-05,21,162,1.444996032270115e-05
plant_2,2020-06-10 22:00:00,0.0,25.04037267643678,23.685736418390803,0.0,22,162,0.0
plant_2,2020-06-10 23:00:00,0.0,24.67745121494253,23.414455997701147,0.0,23,162,0.0
plant_2,2020-06-11 00:00:00,0.0,24.63202003390805,23.666684720402298,0.0,0,163,0.0
plant_2,2020-06-11 01:00:00,0.0,24.64457237241379,23.583246338793103,0.0,1,163,0.0
plant_2,2020-06-11 02:00:00,0.0,24.22144108505747,23.403137516666668,2.879114444165e-05,2,163,2.879114444165e-05
plant_2,2020-06-11 03:00:00,0.0,24.199523697988507,23.342821875862068,4.97950544278546e-05,3,163,4.97950544278546e-05
plant_2,2020-06-11 04:00:00,0.0,24.233140225862073,23.624167112931033,0.0,4,163,0.0
plant_2,2020-06-11 05:00:00,0.0,24.241451005747123,23.424112363793107,6.366077666665e-05,5,163,6.366077666665e-05
plant_2,2020-06-11 06:00:00,367.9713095238095,24.270913944827583,23.9291263795977,0.012822547755316025,6,163,0.012822547755316025
plant_2,2020-06-11 07:00:00,2674.8191666666667,24.486179709770116,25.11047971178161,0.08169383377155168,7,163,0.08169383377155168
plant_2,2020-06-11 08:00:00,4647.105833333333,24.424910252011493,25.67653744367816,0.13990728324080456,8,163,0.13990728324080456
plant_2,2020-06-11 09:00:00,8801.702857142856,25.89939594166667,31.596863079310342,0.27275670297413795,9,163,0.27275670297413795
plant_2,2020-06-11 10:00:00,10854.567023809523,27.119365194827587,33.700571363505745,0.32491619570402297,10,163,0.32491619570402297
plant_2,2020-06-11 11:00:00,14306.992142857143,28.206250411494253,37.32904830833334,0.4668175556091954,11,163,0.4668175556091954
plant_2,2020-06-11 12:00:00,6109.242564102564,29.258623137376848,40.00132786512726,0.42576251878304594,12,163,0.42576251878304594
plant_2,2020-06-11 13:00:00,11569.175595238095,29.504080479597704,36.22919598218391,0.3545242135287356,13,163,0.3545242135287356
plant_2,2020-06-11 14:00:00,8669.365952380953,28.457498726724136,34.79017111896551,0.2667977790603448,14,163,0.2667977790603448
plant_2,2020-06-11 15:00:00,9270.996547619048,27.78503453994253,32.52472463793103,0.273626183341954,15,163,0.273626183341954
plant_2,2020-06-11 16:00:00,4069.519523809524,25.721639966954022,27.184012470114943,0.11756529933620685,16,163,0.11756529933620685
plant_2,2020-06-11 17:00:00,2017.7342857142858,26.46584016465517,27.009677031609197,0.06234978091867813,17,163,0.06234978091867813
plant_2,2020-06-11 18:00:00,602.7627380952381,26.404957514080458,26.19503425114943,0.01980838416410915,18,163,0.01980838416410915
plant_2,2020-06-11 19:00:00,0.0,25.27241087011494,24.482531086494255,0.0,19,163,0.0
plant_2,2020-06-11 20:00:00,0.0,23.74166045632184,22.06436908591954,0.0,20,163,0.0
plant_2,2020-06-11 21:00:00,0.0,23.15691404109195,21.757947281609198,0.0,21,163,0.0
plant_2,2020-06-11 22:00:00,0.0,23.11821519281609,21.687567647413793,0.0,22,163,0.0
plant_2,2020-06-11 23:00:00,0.0,23.035827209482754,21.646302736781607,0.0,23,163,0.0
plant_2,2020-06-12 00:00:00,0.0,23.156841541091953,21.849730269252873,0.0,0,164,0.0
plant_2,2020-06-12 01:00:00,0.0,23.021658251436783,22.266262958908044,0.0,1,164,0.0
plant_2,2020-06-12 02:00:00,0.0,22.64343483017241,22.148433327873562,0.0,2,164,0.0
plant_2,2020-06-12 03:00:00,0.0,22.829055608908046,22.423975452011494,1.9195239999999994e-06,3,164,1.9195239999999994e-06
plant_2,2020-06-12 04:00:00,0.0,23.17318568850575,22.95027256034483,0.0,4,164,0.0
plant_2,2020-06-12 05:00:00,0.0,23.24142765718391,22.769333532471265,0.00018267130404165,5,164,0.00018267130404165
plant_2,2020-06-12 06:00:00,873.2069047619048,23.450037429885057,23.56972687873563,0.029839897744971228,6,164,0.029839897744971228
plant_2,2020-06-12 07:00:00,4065.9532142857142,24.21495776350575,26.549726643965514,0.130000724933908,7,164,0.130000724933908
plant_2,2020-06-12 08:00:00,5239.762023809524,25.028629468390804,28.778039450287352,0.1578240057916666,8,164,0.1578240057916666
plant_2,2020-06-12 09:00:00,10115.701309523809,26.141746802586205,32.86074731465517,0.3124465449137931,9,164,0.3124465449137931
plant_2,2020-06-12 10:00:00,6338.714523809524,26.2858323045977,30.591309782471267,0.18522161990632177,10,164,0.18522161990632177
plant_2,2020-06-12 11:00:00,14232.817619047619,26.49540324224138,34.2479489224138,0.43406988638678157,11,164,0.43406988638678157
plant_2,2020-06-12 12:00:00,12399.555238095238,24.300983863793103,30.170769548563218,0.41920148948850566,12,164,0.41920148948850566
plant_2,2020-06-12 13:00:00,9817.835,26.067513833908045,36.87735575028736,0.4576711574166667,13,164,0.4576711574166667
plant_2,2020-06-12 14:00:00,12759.155119047618,26.77382615603448,35.34526458563218,0.3902292715545977,14,164,0.3902292715545977
plant_2,2020-06-12 15:00:00,13257.104880952382,27.54334623448276,36.09433579367816,0.4004141087183907,15,164,0.4004141087183907
plant_2,2020-06-12 16:00:00,6407.2155952380945,27.77276271839081,32.33090247931034,0.1971037891997126,16,164,0.1971037891997126
plant_2,2020-06-12 17:00:00,4188.044761904762,27.46613191235632,30.415084069540228,0.12904535456465518,17,164,0.12904535456465518
plant_2,2020-06-12 18:00:00,1031.1885714285713,25.6130305908046,26.097556606896553,0.0324889964671063,18,164,0.0324889964671063
plant_2,2020-06-12 19:00:00,0.0,24.21889014741379,23.18513117873563,0.0,19,164,0.0
plant_2,2020-06-12 20:00:00,0.0,23.83004256551724,22.584484284482755,0.0,20,164,0.0
plant_2,2020-06-12 21:00:00,0.0,23.084801530459767,22.175097741091953,0.0,21,164,0.0
plant_2,2020-06-12 22:00:00,0.0,23.11783479224138,22.14195522471264,0.0,22,164,0.0
plant_2,2020-06-12 23:00:00,0.0,22.93074201465517,22.38215040229885,0.0,23,164,0.0
plant_2,2020-06-13 00:00:00,0.0,23.132428090804595,22.83820460431034,0.0,0,165,0.0
plant_2,2020-06-13 01:00:00,0.0,22.859613987931038,22.03108005028736,0.0,1,165,0.0
plant_2,2020-06-13 02:00:00,0.0,22.39902360545977,21.14006509281609,0.0,2,165,0.0
plant_2,2020-06-13 03:00:00,0.0,22.381677735057472,21.404622579022988,0.0,3,165,0.0
plant_2,2020-06-13 04:00:00,0.0,22.41684392729885,21.74359751408046,0.0,4,165,0.0
plant_2,2020-06-13 05:00:00,0.0,22.49461777183908,22.148894228448274,0.000123776204827575,5,165,0.000123776204827575
plant_2,2020-06-13 06:00:00,1208.1483333333333,22.93654810086207,23.118789441091952,0.0420546038432471,6,165,0.0420546038432471
plant_2,2020-06-13 07:00:00,5360.836071428571,24.116372634482758,27.594653416954024,0.1839468579181034,7,165,0.1839468579181034
plant_2,2020-06-13 08:00:00,9294.02630952381,25.35044408591954,32.21411704856322,0.3032149160373563,8,165,0.3032149160373563
plant_2,2020-06-13 09:00:00,10177.835833333333,26.445161670114942,36.40193908764368,0.43267859962643673,9,165,0.43267859962643673
plant_2,2020-06-13 10:00:00,6591.455595238095,28.324734672988505,44.621071679597705,0.5813230335833333,10,165,0.5813230335833333
plant_2,2020-06-13 11:00:00,9780.185476190476,29.416149143103446,43.659815236494254,0.6579326390172414,11,165,0.6579326390172414
plant_2,2020-06-13 12:00:00,13343.481547619047,31.510654080172415,48.64196216867816,0.7914882852241378,12,165,0.7914882852241378
plant_2,2020-06-13 13:00:00,11047.267261904763,31.46020206436782,44.91548409827586,0.62131610225,13,165,0.62131610225
plant_2,2020-06-13 14:00:00,12723.982142857143,30.001444151724137,40.98311303390804,0.5605273359856321,14,165,0.5605273359856321
plant_2,2020-06-13 15:00:00,14329.289047619048,30.801659094252877,40.733812124425285,0.47217223713505735,15,165,0.47217223713505735
plant_2,2020-06-13 16:00:00,10392.835952380952,30.460774188793103,36.849392890804594,0.30686309224080455,16,165,0.30686309224080455
plant_2,2020-06-13 17:00:00,5943.333928571428,29.081767110632185,32.63680818649425,0.18022986696781607,17,165,0.18022986696781607
plant_2,2020-06-13 18:00:00,1184.2635714285714,27.24652074051724,27.494417927011494,0.0386720412817988,18,165,0.0386720412817988
plant_2,2020-06-13 19:00:00,0.0,25.881589470689654,25.054044238505746,0.0,19,165,0.0
plant_2,2020-06-13 20:00:00,0.0,24.807835432183907,23.965034772988503,0.0,20,165,0.0
plant_2,2020-06-13 21:00:00,0.0,24.69349517787356,23.30761327126437,0.0,21,165,0.0
plant_2,2020-06-13 22:00:00,0.0,24.553955875574715,23.468388387068963,0.0,22,165,0.0
plant_2,2020-06-13 23:00:00,0.0,24.032976244252875,22.50998552097701,0.0,23,165,0.0
plant_2,2020-06-14 00:00:00,0.0,23.73263352413793,22.365315001436784,1.952528353448276e-05,0,166,1.952528353448276e-05
plant_2,2020-06-14 01:00:00,0.0,24.189256482471265,23.408621090229886,2.655227221665e-05,1,166,2.655227221665e-05
plant_2,2020-06-14 02:00:00,0.0,24.18178864913793,23.16867821839081,0.0,2,166,0.0
plant_2,2020-06-14 03:00:00,0.0,24.04107619683908,23.155934750574712,3.3092778448275856e-07,3,166,3.3092778448275856e-07
plant_2,2020-06-14 04:00:00,0.0,24.080364821264364,23.190792619827587,0.0,4,166,0.0
plant_2,2020-06-14 05:00:00,0.0,24.025901820977012,23.493059740517243,0.0002408826943,5,166,0.0002408826943
plant_2,2020-06-14 06:00:00,1706.0813095238095,24.510865218103447,24.7685369591954,0.0569062820830459,6,166,0.0569062820830459
plant_2,2020-06-14 07:00:00,7302.563571428571,26.092289692528738,30.823683208333335,0.26868465050862067,7,166,0.26868465050862067
plant_2,2020-06-14 08:00:00,9643.029880952381,27.246731364367815,34.457369489655164,0.3292022301829502,8,166,0.3292022301829502
plant_2,2020-06-14 09:00:00,11956.565833333334,28.51162387442529,39.28912919770114,0.4769844383045977,9,166,0.4769844383045977
plant_2,2020-06-14 10:00:00,12717.70369047619,29.986924026724132,43.59075429482759,0.6531563588074712,10,166,0.6531563588074712
plant_2,2020-06-14 11:00:00,13152.4175,31.478284157471265,48.12930902155172,0.710575245137931,11,166,0.710575245137931
plant_2,2020-06-14 12:00:00,15085.966666666667,31.673486598850573,48.422061692816094,0.8176647106896552,12,166,0.8176647106896552
plant_2,2020-06-14 13:00:00,13589.055714285714,32.57461025862069,51.55884632528736,0.8432881866666666,13,166,0.8432881866666666
plant_2,2020-06-14 14:00:00,12966.025952380951,32.32115935977011,44.07697423045977,0.5528240707614943,14,166,0.5528240707614943
plant_2,2020-06-14 15:00:00,12149.391428571427,31.134693378448276,39.33964421724137,0.3786547613275862,15,166,0.3786547613275862
plant_2,2020-06-14 16:00:00,8173.531190476191,30.705915716666663,36.64930184885057,0.2557941902873563,16,166,0.2557941902873563
plant_2,2020-06-14 17:00:00,4343.863095238095,26.86755164568965,30.10859218448276,0.13241645765517238,17,166,0.13241645765517238
plant_2,2020-06-14 18:00:00,982.1799999999998,26.269396721264368,27.00830026321839,0.031968681669976975,18,166,0.031968681669976975
plant_2,2020-06-14 19:00:00,0.0,26.22983191350574,25.737648383333337,0.0,19,166,0.0
plant_2,2020-06-14 20:00:00,0.0,25.59097034568966,25.37420295316092,0.0,20,166,0.0
plant_2,2020-06-14 21:00:00,0.0,24.321028508333335,23.419465924712643,0.0,21,166,0.0
plant_2,2020-06-14 22:00:00,0.0,24.13292555172414,22.77554703994253,0.0,22,166,0.0
plant_2,2020-06-14 23:00:00,0.0,24.575651244540232,23.84425012729885,0.0,23,166,0.0
plant_2,2020-06-15 00:00:00,0.0,24.570346062931034,24.095245368965514,0.0,0,167,0.0
plant_2,2020-06-15 01:00:00,0.0,24.556265421839083,24.37744200948276,0.0,1,167,0.0
plant_2,2020-06-15 02:00:00,0.0,24.495614317528737,24.284714453448274,0.0,2,167,0.0
plant_2,2020-06-15 03:00:00,0.0,24.194469143678162,23.298097104885056,0.0,3,167,0.0
plant_2,2020-06-15 04:00:00,0.0,24.440323424137933,23.633209497126437,0.0,4,167,0.0
plant_2,2020-06-15 05:00:00,0.0,24.475716948563218,23.839087558333333,0.00013758800224453188,5,167,0.00013758800224453188
plant_2,2020-06-15 06:00:00,1350.4188095238096,24.558865503735632,24.85248892873563,0.0458119291781609,6,167,0.0458119291781609
plant_2,2020-06-15 07:00:00,5866.0388095238095,25.788485735919544,29.414829210344827,0.20768797331321834,7,167,0.20768797331321834
plant_2,2020-06-15 08:00:00,12957.181071428571,28.12000013821839,37.90445300660919,0.502840461321839,8,167,0.502840461321839
plant_2,2020-06-15 09:00:00,9538.62357142857,29.161615727011494,39.74456249224138,0.5144264443304597,9,167,0.5144264443304597
plant_2,2020-06-15 10:00:00,11085.936666666666,30.3756102183908,44.69820260229885,0.6632348360517242,10,167,0.6632348360517242
plant_2,2020-06-15 11:00:00,8803.685952380953,30.2679015908046,40.837615896551725,0.5001721246551724,11,167,0.5001721246551724
plant_2,2020-06-15 12:00:00,9754.252857142857,30.96683178706897,43.725713093103444,0.5829322874568964,12,167,0.5829322874568964
plant_2,2020-06-15 13:00:00,8775.130000000001,28.361393687356323,34.34163281637931,0.2941830129988505,13,167,0.2941830129988505
plant_2,2020-06-15 14:00:00,10746.996190476191,28.60323302068965,37.52191154109195,0.456170759729885,14,167,0.456170759729885
plant_2,2020-06-15 15:00:00,9453.716428571428,28.385203475287355,33.88497894913793,0.2952329381091954,15,167,0.2952329381091954
plant_2,2020-06-15 16:00:00,7875.884880952381,27.71493210143678,32.03145381810345,0.24038791653160918,16,167,0.24038791653160918
plant_2,2020-06-15 17:00:00,3328.6255952380952,27.149407700000005,29.871336446551727,0.10380325357126433,17,167,0.10380325357126433
plant_2,2020-06-15 18:00:00,1044.040238095238,26.28129811293103,26.746029262068966,0.0342350126845402,18,167,0.0342350126845402
plant_2,2020-06-15 19:00:00,0.0,25.69701266408046,24.94048473678161,5.117027083333333e-06,19,167,5.117027083333333e-06
plant_2,2020-06-15 20:00:00,0.0,25.348963677873563,24.32546552586207,0.0,20,167,0.0
plant_2,2020-06-15 21:00:00,0.0,24.872890279310347,23.84454588189655,0.0,21,167,0.0
plant_2,2020-06-15 22:00:00,0.0,24.634236001149425,24.02145868534483,0.0,22,167,0.0
plant_2,2020-06-15 23:00:00,0.0,24.361570223850574,23.67462461810345,0.0,23,167,0.0
plant_2,2020-06-16 00:00:00,0.0,24.16889487816092,23.211732762643678,0.0,0,168,0.0
plant_2,2020-06-16 01:00:00,0.0,23.958427247988507,23.07281345229885,0.0,1,168,0.0
plant_2,2020-06-16 02:00:00,0.0,23.999897189080457,23.160176716954023,0.0,2,168,0.0
plant_2,2020-06-16 03:00:00,0.0,23.956157156896552,22.9936197204023,0.0,3,168,0.0
plant_2,2020-06-16 04:00:00,0.0,24.013947005747124,22.724464206034483,0.0,4,168,0.0
plant_2,2020-06-16 05:00:00,0.0,24.05000010316092,23.112100486206895,7.7415106875e-05,5,168,7.7415106875e-05
plant_2,2020-06-16 06:00:00,1242.6992857142857,24.340898855172416,24.265129974712643,0.041745273089367776,6,168,0.041745273089367776
plant_2,2020-06-16 07:00:00,4863.556190476191,25.277812838218388,27.962765097413794,0.1563949780649425,7,168,0.1563949780649425
plant_2,2020-06-16 08:00:00,9740.59119047619,26.577768533045973,32.67720911091955,0.3034315786810345,8,168,0.3034315786810345
plant_2,2020-06-16 09:00:00,11670.16761904762,27.124436097988504,34.24449498362068,0.35657914895977016,9,168,0.35657914895977016
plant_2,2020-06-16 10:00:00,15205.822738095238,28.338029113505748,38.632805214080456,0.4749512678821838,10,168,0.4749512678821838
plant_2,2020-06-16 11:00:00,16819.03869047619,29.15969209051724,41.928772202298845,0.5778680630287355,11,168,0.5778680630287355
plant_2,2020-06-16 12:00:00,15056.401666666667,29.311245383045975,40.31375399626437,0.4826023248160919,12,168,0.4826023248160919
plant_2,2020-06-16 13:00:00,15500.392976190476,29.778514126149425,40.19293403620689,0.4720556914597701,13,168,0.4720556914597701
plant_2,2020-06-16 14:00:00,7806.854285714286,30.373218036781612,41.59251548649425,0.4882741303821839,14,168,0.4882741303821839
plant_2,2020-06-16 15:00:00,11952.617023809524,29.988211448850578,37.909719266091955,0.36431941851724137,15,168,0.36431941851724137
plant_2,2020-06-16 16:00:00,5522.155595238095,29.43497959367816,33.59419955833333,0.16878716565862065,16,168,0.16878716565862065
plant_2,2020-06-16 17:00:00,1939.3172619047618,28.455717454310342,29.903238955172412,0.060501777965804526,17,168,0.060501777965804526
plant_2,2020-06-16 18:00:00,387.9922619047619,27.473718863505745,27.59088760316092,0.0138816690897126,18,168,0.0138816690897126
plant_2,2020-06-16 19:00:00,0.0,25.908750951436783,25.655579118965516,0.0,19,168,0.0
plant_2,2020-06-16 20:00:00,0.0,24.777388235057472,24.452436787931035,0.0,20,168,0.0
plant_2,2020-06-16 21:00:00,0.0,24.60966562643678,24.39465518103448,0.0,21,168,0.0
plant_2,2020-06-16 22:00:00,0.0,23.966486241954023,23.70252430862069,0.0,22,168,0.0
plant_2,2020-06-16 23:00:00,0.0,23.833674769070008,22.86897427129049,9.266284051724137e-06,23,168,9.266284051724137e-06
plant_2,2020-06-17 00:00:00,0.0,24.088090931034483,23.860765204885055,6.078256083333334e-06,0,169,6.078256083333334e-06
plant_2,2020-06-17 01:00:00,0.0,24.06725327471264,23.738477392816087,0.0,1,169,0.0
plant_2,2020-06-17 02:00:00,0.0,24.062319551436783,23.633097309482757,0.0,2,169,0.0
plant_2,2020-06-17 03:00:00,0.0,23.08847082212644,22.650305771551725,0.0,3,169,0.0
plant_2,2020-06-17 04:00:00,0.0,22.871138354885055,22.160935591091953,2.047462850833334e-05,4,169,2.047462850833334e-05
plant_2,2020-06-17 05:00:00,0.0,22.647583400000002,21.9541540795977,4.862778851665e-05,5,169,4.862778851665e-05
plant_2,2020-06-17 06:00:00,742.7796428571428,22.72341224310345,22.35595296637931,0.02402022650804595,6,169,0.02402022650804595
plant_2,2020-06-17 07:00:00,1974.002023809524,23.28539815689655,23.566335434770117,0.0586618244267241,7,169,0.0586618244267241
plant_2,2020-06-17 08:00:00,4574.047023809524,23.907036904022988,25.213101527011496,0.13352965579597698,8,169,0.13352965579597698
plant_2,2020-06-17 09:00:00,7106.181547619047,24.307959379885055,26.026945716379313,0.2085690561853448,9,169,0.2085690561853448
plant_2,2020-06-17 10:00:00,10649.928214285716,25.986608643965518,31.821512201724136,0.3132498675689655,10,169,0.3132498675689655
plant_2,2020-06-17 11:00:00,12003.874285714286,26.719229725574714,33.876010202873566,0.35568850734770113,11,169,0.35568850734770113
plant_2,2020-06-17 12:00:00,15119.965,28.053875253735633,37.65798628074713,0.46131198434770104,12,169,0.46131198434770104
plant_2,2020-06-17 13:00:00,11820.64488095238,28.469354123275863,37.63370847729885,0.49228308189080455,13,169,0.49228308189080455
plant_2,2020-06-17 14:00:00,10554.038928571428,27.961237246839083,34.624453709482765,0.37770200735057474,14,169,0.37770200735057474
plant_2,2020-06-17 15:00:00,9962.745119047619,27.60984586005747,31.765844029597705,0.2996017970804597,15,169,0.2996017970804597
plant_2,2020-06-17 16:00:00,5730.271904761905,27.591067043678162,31.59799422413793,0.17237202371293098,16,169,0.17237202371293098
plant_2,2020-06-17 17:00:00,2259.1990476190476,26.12817386716301,26.75212099937304,0.06820292557458198,17,169,0.06820292557458198
plant_2,2020-06-17 18:00:00,611.4016666666666,24.867610487356323,25.066801355172412,0.019923065454655126,18,169,0.019923065454655126
plant_2,2020-06-17 19:00:00,0.0,23.5301496841954,22.480402938793105,0.0,19,169,0.0
plant_2,2020-06-17 20:00:00,0.0,23.676084828735632,22.45415332270115,0.0,20,169,0.0
plant_2,2020-06-17 21:00:00,0.0,23.836589340517243,23.51953871637931,0.0,21,169,0.0
plant_2,2020-06-17 22:00:00,0.0,23.64096195862069,23.099991518390805,0.0,22,169,0.0
plant_2,2020-06-17 23:00:00,0.0,23.332735985632183,22.536562999712643,0.0,23,169,0.0
